transaction_id,consumer_id,transaction_date,amount,transaction_mode,transaction_type,full_narration
TXN101987,USER_10043,2024-02-21,-2052.14,NEFT,DR,
TXN100592,USER_10012,2024-06-24,-2868.55,NEFT,DR,NEFT/JIO/REF6183
TXN100238,USER_10002,2024-12-04,-3843.22,ATM,DR,ATM/BIGBASKET/REF7172
TXN101553,USER_10041,2024-05-21,-1951.04,NEFT,DR,NEFT/FLIPKART/REF2971
TXN101838,USER_10007,2024-09-18,-1060.01,IMPS,DR,IMPS/DMART/REF7815
TXN101833,USER_10049,2024-05-21,-2499.9,CARD,DR,CARD/BLR_METRO/REF3858
TXN100387,USER_10005,2024-07-26,-2785.87,CARD,DR,CARD/ZOMATO/REF1154
TXN101548,USER_10017,2024-06-28,-1272.49,NEFT,DR,
TXN100382,USER_10042,2024-09-06,-2684.45,UPI,DR,UPI/AIRTEL/REF1274
TXN101492,USER_10042,2024-03-01,-3015.56,UPI,DR,UPI/UBER/REF8327
TXN100306,USER_10033,2024-08-21,-4471.0,IMPS,DR,IMPS/BIGBASKET/REF6218
TXN101336,USER_10040,2024-04-24,-2359.36,NEFT,DR,NEFT/OLA/REF8876
TXN101416,USER_10038,2024-07-14,-958.55,UPI,DR,UPI/APOLLO_PHARMACY/REF2058
TXN101507,USER_10014,2024-05-20,-1916.92,RTGS,DR,RTGS/BLR_METRO/REF2720
TXN100771,USER_10028,2024-07-30,-4278.35,CARD,DR,CARD/BIGBASKET/REF4844
TXN101304,USER_10007,2024-08-24,-1005.3,NEFT,DR,NEFT/SWIGGY/REF1324
TXN101170,USER_10016,2024-03-29,-4142.5,NEFT,DR,NEFT/BPCL/REF2382
TXN100426,USER_10021,2024-10-13,-2337.17,CARD,DR,CARD/TATA_POWER/REF4022
TXN100688,USER_10036,2024-10-17,-1615.85,NEFT,DR,NEFT/AIRTEL/REF1079
TXN100839,USER_10009,2024-03-08,-2405.48,UPI,DR,UPI/MYNTRA/REF9980
TXN100954,USER_10014,2024-04-05,-86.78,CARD,DR,CARD/DOMINOS/REF4878
TXN101544,USER_10014,2024-03-02,-239.91,NEFT,DR,NEFT/OLA/REF7984
TXN100537,USER_10046,2024-01-01,-2219.19,NEFT,DR,NEFT/AIRTEL/REF7783
TXN101738,USER_10017,2024-12-17,-3217.01,RTGS,DR,RTGS/BIGBASKET/REF4608
TXN100760,USER_10024,2024-04-10,-4797.78,RTGS,DR,RTGS/BIGBASKET/REF1159
TXN100183,USER_10009,2024-03-07,-4002.64,CARD,DR,CARD/FLIPKART/REF1422
TXN100749,USER_10012,2024-05-07,29921.92,UPI,CR,UPI/SALARY_CR/REF2285
TXN100702,USER_10045,2024-09-23,-1403.8,IMPS,DR,IMPS/MYNTRA/REF9918
TXN100447,USER_10034,2024-05-23,-883.47,IMPS,DR,IMPS/PORTRONICS/REF5740
TXN101349,USER_10032,2024-07-17,50155.01,IMPS,CR,
TXN101612,USER_10014,2024-07-19,-3742.68,ATM,DR,ATM/BBPS/REF2264
TXN101116,USER_10031,2099-12-31,-3851.6,UPI,DR,UPI/FLIPKART/REF5107
TXN101048,USER_10039,2024-07-07,71175.57,NEFT,CR,
TXN100340,USER_10045,2024-06-08,-3211.62,IMPS,DR,IMPS/BPCL/REF4618
TXN101043,USER_10035,2024-12-29,14688.41,NEFT,CR,NEFT/REFUND/REF9841
TXN101206,USER_10029,2024-12-12,-3446.87,RTGS,DR,RTGS/BIGBASKET/REF9638
TXN101470,USER_10014,2024-09-12,-779.76,NEFT,DR,NEFT/BPCL/REF1562
TXN101437,USER_10048,2024-02-15,-2884.43,NEFT,DR,NEFT/SPOTIFY/REF5407
TXN100089,USER_10025,2024-10-30,-184.16,RTGS,DR,RTGS/APOLLO_PHARMACY/REF3223
TXN101518,USER_10035,2024-09-09,5748.63,CARD,CR,CARD/REFUND/REF9334
TXN100653,USER_10047,2024-11-27,-1226.1,IMPS,DR,IMPS/PORTRONICS/REF1769
TXN100051,USER_10031,2099-12-31,64227.26,CARD,CR,CARD/SALARY_CR/REF7939
TXN100810,USER_10001,2024-11-13,59321.16,IMPS,CR,IMPS/SALARY_CR/REF2037
TXN101493,USER_10020,2024-03-03,-2896.65,NEFT,DR,NEFT/APOLLO_PHARMACY/REF2438
TXN100672,USER_10047,2024-12-17,-2323.16,UPI,DR,UPI/NETFLIX/REF2433
TXN101607,USER_10030,2024-07-29,-2247.67,CARD,DR,CARD/APOLLO_PHARMACY/REF1216
TXN100200,USER_10048,2024-05-22,-4045.75,ATM,DR,ATM/BBPS/REF1430
TXN101440,USER_10041,2024-05-27,-894.64,NEFT,DR,NEFT/SPOTIFY/REF3200
TXN100309,USER_10023,2024-06-18,-4900.5,IMPS,DR,IMPS/DMART/REF1436
TXN100501,USER_10042,2024-03-07,-1341.91,RTGS,DR,RTGS/NETFLIX/REF6345
TXN101205,USER_10039,2024-04-05,-2158.78,ATM,DR,ATM/ZOMATO/REF6599
TXN101727,USER_10013,2024-03-28,29334.32,CARD,CR,CARD/REFUND/REF5718
TXN101077,USER_10024,2024-05-28,-259.05,ATM,DR,ATM/BPCL/REF5979
TXN100142,USER_10012,2024-11-02,-4402.66,IMPS,DR,IMPS/AMAZON/REF7798
TXN100019,USER_10007,2024-05-30,-2295.93,CARD,DR,CARD/MYNTRA/REF5315
TXN100563,USER_10017,2024-07-09,-4096.06,IMPS,DR,IMPS/BPCL/REF5593
TXN101496,USER_10019,2024-01-24,41361.02,CARD,CR,CARD/REFUND/REF9750
TXN101303,USER_10022,2099-12-31,30057.6,CARD,CR,CARD/SALARY_CR/REF1138
TXN101271,USER_10007,2024-10-07,-4358.61,RTGS,DR,RTGS/AIRTEL/REF6074
TXN101600,USER_10008,2024-02-26,-1779.27,NEFT,DR,NEFT/AJIO/REF5828
TXN101880,USER_10000,2024-08-10,2810.8,CARD,DR,CARD/OLA/REF3918
TXN101978,USER_10044,2024-04-18,51790.58,CARD,CR,CARD/REFUND/REF4977
TXN101445,USER_10030,2024-09-05,-549.01,IMPS,DR,IMPS/ZOMATO/REF1118
TXN100165,USER_10040,2024-02-19,50243.84,RTGS,CR,RTGS/REFUND/REF1546
TXN100064,USER_10038,2024-08-10,-3942.82,ATM,DR,ATM/AIRTEL/REF9379
TXN100707,USER_10011,2024-03-21,-3600.65,CARD,DR,CARD/FLIPKART/REF4773
TXN101865,USER_10047,2024-04-17,-1427.37,IMPS,DR,IMPS/RELIANCE_TRENDS/REF2629
TXN100037,USER_10030,2024-04-19,68171.0,RTGS,CR,RTGS/SALARY_CR/REF1035
TXN101512,USER_10000,2099-12-31,-819.68,NEFT,DR,NEFT/BIGBASKET/REF7206
TXN100876,USER_10039,2024-10-19,-2649.89,UPI,DR,UPI/PORTRONICS/REF9530
TXN101457,USER_10002,2024-03-06,-481.09,ATM,DR,ATM/PHARMEASY/REF8648
TXN100842,USER_10035,2024-11-11,41697.34,UPI,CR,UPI/SALARY_CR/REF5362
TXN100166,USER_10037,2024-07-05,-496.16,IMPS,DR,IMPS/BPCL/REF7807
TXN101071,USER_10023,2024-01-07,-1789.21,ATM,DR,ATM/JIO/REF2435
TXN101427,USER_10031,2024-07-26,70819.95,IMPS,CR,IMPS/EMI_CR/REF7292
TXN101405,USER_10045,2024-10-01,69555.67,NEFT,CR,NEFT/EMI_CR/REF5127
TXN101677,USER_10040,2024-02-09,-2128.54,CARD,DR,CARD/NETFLIX/REF8387
TXN101414,USER_10041,2099-12-31,21030.7,IMPS,CR,IMPS/EMI_CR/REF6615
TXN100187,USER_10014,2024-11-10,-3926.97,ATM,DR,ATM/PHARMEASY/REF5941
TXN101651,USER_10049,2024-03-26,-1119.88,NEFT,DR,NEFT/OLA/REF1235
TXN101906,USER_10031,2024-07-20,58389.03,UPI,CR,UPI/EMI_CR/REF8409
TXN101388,USER_10029,2024-01-14,-3487.7,RTGS,DR,RTGS/MYNTRA/REF7244
TXN101629,USER_10036,2024-07-05,-402.11,RTGS,DR,RTGS/PORTRONICS/REF5226
TXN100899,USER_10005,2024-09-04,-3043.65,IMPS,DR,IMPS/PORTRONICS/REF7996
TXN100078,USER_10007,2024-08-21,-2349.98,ATM,DR,ATM/MCD/REF6198
TXN100809,USER_10034,2024-07-06,-3890.79,RTGS,DR,RTGS/MCD/REF4039
TXN100007,USER_10036,2024-04-08,-276.83,IMPS,DR,IMPS/BLR_METRO/REF2307
TXN101532,USER_10017,2024-02-25,50939.58,NEFT,CR,NEFT/REFUND/REF3291
TXN101268,USER_10023,2024-10-19,-2637.75,IMPS,DR,IMPS/FLIPKART/REF5995
TXN101029,USER_10036,2024-10-10,11053.2,RTGS,CR,RTGS/EMI_CR/REF4546
TXN100315,USER_10045,2024-03-11,-2826.39,RTGS,DR,RTGS/PHARMEASY/REF9609
TXN100105,USER_10016,2024-06-23,-3000.97,ATM,DR,ATM/INDIAN_OIL/REF1166
TXN100693,USER_10046,2024-02-08,64471.11,UPI,CR,UPI/EMI_CR/REF7637
TXN100794,USER_10004,2024-10-05,-1001.35,RTGS,DR,RTGS/INDIAN_OIL/REF1206
TXN101430,USER_10032,2024-12-29,-3458.02,UPI,DR,UPI/PORTRONICS/REF7313
TXN100375,USER_10035,2024-10-26,-2117.01,NEFT,DR,NEFT/BIGBASKET/REF6404
TXN101653,USER_10041,2024-08-21,-1791.06,RTGS,DR,RTGS/BBPS/REF9571
TXN101443,USER_10026,2024-08-13,-3140.89,NEFT,DR,NEFT/APOLLO_PHARMACY/REF2307
TXN100112,USER_10013,2024-09-04,-2968.46,ATM,DR,ATM/AJIO/REF5636
TXN100579,USER_10042,2024-07-10,-2989.17,IMPS,DR,IMPS/BPCL/REF2771
TXN100237,USER_10004,2024-05-31,12079.85,CARD,CR,CARD/EMI_CR/REF9626
TXN100045,USER_10029,2024-06-10,70501.4,RTGS,CR,RTGS/SALARY_CR/REF2638
TXN101760,USER_10003,2024-07-20,-3366.89,ATM,DR,ATM/JIO/REF8540
TXN100385,USER_10016,2024-06-30,-2014.64,RTGS,DR,RTGS/SPOTIFY/REF8520
TXN101047,USER_10007,2099-12-31,-3407.63,IMPS,DR,IMPS/BBPS/REF8405
TXN101825,USER_10034,2024-08-25,-3610.14,ATM,DR,ATM/AJIO/REF5261
TXN100545,USER_10009,2024-01-28,-2166.65,CARD,DR,CARD/BPCL/REF8869
TXN100354,USER_10019,2024-08-25,-2745.0,RTGS,DR,RTGS/BBPS/REF4762
TXN100891,USER_10038,2024-11-03,-4416.73,ATM,DR,ATM/INDIAN_OIL/REF4401
TXN100002,USER_10014,2024-09-15,-2828.16,CARD,DR,CARD/PORTRONICS/REF9928
TXN101644,USER_10042,2024-05-12,-316.02,IMPS,DR,IMPS/AIRTEL/REF5864
TXN100441,USER_10035,2024-09-18,-615.32,ATM,DR,ATM/AJIO/REF7010
TXN100902,USER_10039,2024-04-29,-4897.33,UPI,DR,UPI/SWIGGY/REF1392
TXN101374,USER_10001,2024-04-05,-4561.16,IMPS,DR,IMPS/TATA_POWER/REF4373
TXN101004,USER_10037,2024-02-02,12443.18,ATM,CR,ATM/REFUND/REF4613
TXN100905,USER_10040,2024-04-13,1309.37,IMPS,DR,IMPS/AMAZON/REF5919
TXN101543,USER_10044,2024-09-14,-983.91,CARD,DR,CARD/DMART/REF3436
TXN101447,USER_10024,2024-11-04,-4812.19,RTGS,DR,RTGS/INDIAN_OIL/REF8753
TXN100880,USER_10027,2024-05-30,-320.01,NEFT,DR,
TXN101372,USER_10006,2024-06-17,-2285.1,UPI,DR,UPI/BPCL/REF3808
TXN101501,USER_10016,2024-07-14,858.43,UPI,DR,UPI/JIO/REF5164
TXN101308,USER_10007,2024-05-22,-2495.36,NEFT,DR,NEFT/BBPS/REF3875
TXN101079,USER_10019,2024-11-23,38077.88,CARD,CR,CARD/EMI_CR/REF5713
TXN100369,USER_10030,2024-04-16,28307.5,NEFT,CR,NEFT/SALARY_CR/REF4113
TXN100795,USER_10007,2024-12-31,-3867.57,NEFT,DR,NEFT/JIO/REF1549
TXN101767,USER_10015,2099-12-31,-172.05,RTGS,DR,RTGS/MCD/REF7401
TXN100276,USER_10012,2024-03-03,-416.56,CARD,DR,CARD/UBER/REF8292
TXN101722,USER_10012,2024-05-30,-924.39,ATM,DR,ATM/INDIAN_OIL/REF9087
TXN100979,USER_10014,2024-05-25,-218.51,UPI,DR,UPI/RELIANCE_TRENDS/REF1931
TXN101475,USER_10001,2024-10-07,-2141.07,IMPS,DR,IMPS/DOMINOS/REF7412
TXN100148,USER_10037,2024-06-18,66193.33,UPI,CR,UPI/REFUND/REF9617
TXN100556,USER_10040,2024-03-16,23052.05,UPI,CR,UPI/EMI_CR/REF2425
TXN101056,USER_10030,2024-07-09,58882.48,NEFT,CR,NEFT/SALARY_CR/REF6785
TXN101602,USER_10014,2024-01-29,-630.32,CARD,DR,CARD/PORTRONICS/REF3344
TXN101217,USER_10019,2024-11-12,48172.14,CARD,CR,CARD/EMI_CR/REF7471
TXN101765,USER_10019,2024-11-17,-4946.34,RTGS,DR,RTGS/SWIGGY/REF4288
TXN100846,USER_10028,2024-01-23,21344.27,IMPS,CR,IMPS/EMI_CR/REF3555
TXN100483,USER_10033,2024-09-21,55453.59,IMPS,CR,IMPS/SALARY_CR/REF3079
TXN100787,USER_10018,2024-11-28,-4053.6,NEFT,DR,NEFT/AIRTEL/REF2121
TXN101367,USER_10019,2024-01-05,-3311.3,IMPS,DR,IMPS/SPOTIFY/REF4694
TXN101963,USER_10035,2024-05-17,-3878.37,NEFT,DR,NEFT/INDIAN_OIL/REF8662
TXN101625,USER_10021,2024-05-28,-4286.97,UPI,DR,UPI/AIRTEL/REF7350
TXN101014,USER_10039,2024-02-15,-3923.79,RTGS,DR,RTGS/SPOTIFY/REF1074
TXN101817,USER_10033,2024-04-28,2787.18,IMPS,DR,IMPS/FLIPKART/REF3325
TXN100508,USER_10035,2024-10-08,2337.11,UPI,DR,UPI/BIGBASKET/REF1195
TXN101694,USER_10006,2024-10-14,-3059.13,UPI,DR,UPI/PHARMEASY/REF7909
TXN100268,USER_10010,2024-12-19,-2263.29,IMPS,DR,IMPS/MYNTRA/REF8126
TXN101085,USER_10010,2024-01-28,-2126.59,UPI,DR,UPI/SPOTIFY/REF5749
TXN100478,USER_10040,2024-10-01,-805.77,IMPS,DR,IMPS/AMAZON/REF2294
TXN100762,USER_10046,2024-06-10,26002.39,ATM,CR,ATM/EMI_CR/REF1781
TXN101575,USER_10031,2024-04-02,-4087.21,NEFT,DR,NEFT/UBER/REF9036
TXN101546,USER_10019,2024-12-24,-1195.57,RTGS,DR,RTGS/NETFLIX/REF8851
TXN101628,USER_10006,2024-08-20,-4673.58,UPI,DR,UPI/UBER/REF5589
TXN100109,USER_10035,2024-09-28,-4983.33,IMPS,DR,IMPS/BBPS/REF6764
TXN100438,USER_10041,2024-09-10,-2484.04,RTGS,DR,RTGS/PORTRONICS/REF9006
TXN100983,USER_10017,2024-08-06,-3354.52,IMPS,DR,IMPS/AJIO/REF5216
TXN100236,USER_10013,2024-06-23,39038.96,NEFT,CR,NEFT/SALARY_CR/REF3538
TXN101969,USER_10037,2024-10-21,3668.23,NEFT,DR,NEFT/DOMINOS/REF5138
TXN101228,USER_10028,2024-12-23,-848.6,NEFT,DR,
TXN101243,USER_10010,2024-02-13,-3590.24,IMPS,DR,IMPS/AIRTEL/REF5021
TXN100654,USER_10024,2024-07-17,-3951.15,IMPS,DR,IMPS/PHARMEASY/REF1881
TXN100998,USER_10024,2024-02-02,50038.53,ATM,CR,ATM/REFUND/REF8361
TXN100126,USER_10010,2024-06-06,4129.99,RTGS,DR,RTGS/BPCL/REF3037
TXN101557,USER_10035,2024-12-30,-4391.52,IMPS,DR,IMPS/BBPS/REF6996
TXN101241,USER_10009,2024-11-27,-4104.85,NEFT,DR,NEFT/FLIPKART/REF8194
TXN100753,USER_10033,2024-08-04,-2726.8,IMPS,DR,IMPS/MCD/REF7450
TXN101055,USER_10019,2024-10-17,-3957.27,IMPS,DR,IMPS/UBER/REF4715
TXN101911,USER_10003,2024-09-09,-1591.7,NEFT,DR,NEFT/NETFLIX/REF1598
TXN101482,USER_10007,2024-09-20,-2987.29,CARD,DR,CARD/BIGBASKET/REF7619
TXN101126,USER_10036,2024-08-28,-4279.04,UPI,DR,UPI/MCD/REF7412
TXN101291,USER_10005,2099-12-31,-3925.26,IMPS,DR,IMPS/BIGBASKET/REF9854
TXN100027,USER_10028,2024-03-02,-366.93,ATM,DR,ATM/SWIGGY/REF4770
TXN101730,USER_10010,2024-04-05,-2303.32,CARD,DR,CARD/SWIGGY/REF8775
TXN101145,USER_10027,2024-07-29,-4159.56,CARD,DR,CARD/AMAZON/REF4335
TXN100692,USER_10017,2024-03-12,18750.24,CARD,CR,
TXN100892,USER_10003,2024-04-04,-3283.72,NEFT,DR,NEFT/ZOMATO/REF1531
TXN101528,USER_10039,2024-08-23,-1801.77,IMPS,DR,IMPS/SWIGGY/REF4050
TXN100737,USER_10022,2024-12-08,-2951.1,UPI,DR,UPI/MCD/REF2124
TXN101929,USER_10036,2024-02-22,-2635.47,RTGS,DR,RTGS/APOLLO_PHARMACY/REF6409
TXN101986,USER_10010,2024-07-22,-4179.45,UPI,DR,UPI/JIO/REF6673
TXN100512,USER_10029,2024-01-26,-2890.73,RTGS,DR,RTGS/MYNTRA/REF9128
TXN101534,USER_10012,2024-05-25,-2003.0,IMPS,DR,IMPS/MYNTRA/REF1517
TXN100534,USER_10031,2024-03-13,-435.14,IMPS,DR,IMPS/SPOTIFY/REF3750
TXN101237,USER_10044,2024-09-20,-565.5,RTGS,DR,RTGS/ZOMATO/REF8489
TXN101685,USER_10012,2024-12-17,55217.73,UPI,CR,UPI/REFUND/REF6105
TXN100140,USER_10041,2024-03-19,-3597.19,CARD,DR,CARD/MCD/REF5479
TXN100077,USER_10014,2024-03-31,53713.82,UPI,CR,UPI/REFUND/REF5082
TXN100774,USER_10001,2024-07-22,-4980.27,IMPS,DR,IMPS/FLIPKART/REF3544
TXN101822,USER_10042,2024-06-05,-3826.83,ATM,DR,ATM/SWIGGY/REF6508
TXN100248,USER_10014,2024-01-15,-540.46,CARD,DR,CARD/PORTRONICS/REF6493
TXN100552,USER_10034,2024-12-17,38237.71,RTGS,CR,RTGS/SALARY_CR/REF5896
TXN100050,USER_10038,2024-04-17,-1057.81,IMPS,DR,IMPS/APOLLO_PHARMACY/REF9280
TXN101426,USER_10012,2024-03-20,5292.64,CARD,CR,CARD/EMI_CR/REF7131
TXN100823,USER_10034,2024-11-03,-1794.0,ATM,DR,ATM/NETFLIX/REF6319
TXN101193,USER_10017,2024-10-15,45997.42,UPI,CR,UPI/EMI_CR/REF9618
TXN100120,USER_10019,2024-10-18,-3067.67,UPI,DR,UPI/MYNTRA/REF4404
TXN100845,USER_10049,2024-06-05,-1781.1,ATM,DR,
TXN100890,USER_10015,2024-04-21,-2404.77,RTGS,DR,RTGS/AIRTEL/REF2300
TXN101842,USER_10038,2024-04-18,40755.73,ATM,CR,ATM/EMI_CR/REF6636
TXN101723,USER_10033,2024-08-09,-296.86,UPI,DR,UPI/BLR_METRO/REF4597
TXN101864,USER_10027,2024-05-26,-1626.96,NEFT,DR,NEFT/UBER/REF1687
TXN101669,USER_10005,2024-02-17,-107.11,ATM,DR,ATM/AJIO/REF3507
TXN101385,USER_10010,2024-05-20,42641.63,UPI,CR,UPI/EMI_CR/REF4559
TXN101185,USER_10021,2024-08-27,-1620.72,RTGS,DR,RTGS/MCD/REF3323
TXN100416,USER_10023,2024-12-25,42583.42,UPI,CR,UPI/EMI_CR/REF2791
TXN100285,USER_10009,2024-06-04,-1647.17,NEFT,DR,NEFT/PORTRONICS/REF6669
TXN100280,USER_10001,2024-07-03,-1876.11,NEFT,DR,NEFT/BBPS/REF2412
TXN100274,USER_10015,2024-02-28,-970.94,RTGS,DR,RTGS/MCD/REF2929
TXN101213,USER_10020,2024-10-27,-3798.9,ATM,DR,ATM/JIO/REF5342
TXN101201,USER_10005,2024-01-11,16405.85,IMPS,CR,IMPS/REFUND/REF3525
TXN100743,USER_10043,2024-08-23,65341.63,UPI,CR,UPI/REFUND/REF5224
TXN100161,USER_10015,2024-07-14,-2895.32,IMPS,DR,IMPS/PORTRONICS/REF1359
TXN101313,USER_10029,2024-09-10,-3807.16,NEFT,DR,NEFT/MYNTRA/REF1769
TXN100504,USER_10022,2024-04-16,-2343.57,UPI,DR,UPI/FLIPKART/REF3582
TXN100680,USER_10000,2024-10-10,14896.17,UPI,CR,UPI/SALARY_CR/REF7456
TXN100981,USER_10045,2024-03-02,-3043.19,CARD,DR,CARD/TATA_POWER/REF4027
TXN100261,USER_10002,2024-05-30,-3965.99,IMPS,DR,IMPS/ZOMATO/REF6080
TXN100597,USER_10020,2024-09-28,3399.9,CARD,DR,CARD/APOLLO_PHARMACY/REF5076
TXN101755,USER_10036,2024-11-17,957.69,UPI,DR,UPI/AIRTEL/REF3270
TXN100804,USER_10006,2024-03-05,-1617.86,CARD,DR,
TXN100685,USER_10016,2024-02-20,-2923.95,IMPS,DR,IMPS/NETFLIX/REF3100
TXN100808,USER_10038,2024-10-10,-2679.13,IMPS,DR,
TXN101384,USER_10042,2024-04-03,-522.89,UPI,DR,UPI/PORTRONICS/REF4927
TXN100254,USER_10036,2024-05-03,-1491.8,ATM,DR,ATM/SWIGGY/REF6780
TXN100305,USER_10025,2024-09-13,-242.62,IMPS,DR,IMPS/PORTRONICS/REF8761
TXN100938,USER_10004,2024-06-23,-3485.6,RTGS,DR,RTGS/AIRTEL/REF6606
TXN101647,USER_10004,2024-12-07,-765.86,CARD,DR,CARD/PHARMEASY/REF6185
TXN101298,USER_10040,2024-05-13,54542.79,NEFT,CR,NEFT/REFUND/REF6269
TXN100216,USER_10015,2024-08-11,-2643.61,IMPS,DR,IMPS/TATA_POWER/REF6562
TXN100203,USER_10004,2024-03-13,-4860.46,CARD,DR,CARD/AMAZON/REF9691
TXN101165,USER_10044,2024-05-13,-1791.69,CARD,DR,CARD/RELIANCE_TRENDS/REF9973
TXN100820,USER_10033,2024-12-02,INVALID,ATM,DR,ATM/UBER/REF7802
TXN100595,USER_10031,2024-02-15,-2196.87,RTGS,DR,RTGS/AIRTEL/REF8029
TXN100632,USER_10032,2024-10-14,-3373.8,IMPS,DR,
TXN100104,USER_10021,2024-01-15,-1658.82,NEFT,DR,NEFT/DOMINOS/REF6813
TXN101363,USER_10048,2024-03-17,20930.49,CARD,CR,CARD/EMI_CR/REF4438
TXN101094,USER_10011,2024-12-29,-3735.08,NEFT,DR,NEFT/FLIPKART/REF3108
TXN100489,USER_10030,2024-07-05,-792.92,ATM,DR,
TXN101190,USER_10010,2024-12-27,-624.32,UPI,DR,UPI/DOMINOS/REF8233
TXN100150,USER_10030,2024-05-15,-3478.89,UPI,DR,UPI/APOLLO_PHARMACY/REF6383
TXN101141,USER_10039,2024-09-20,-3829.04,UPI,DR,UPI/UBER/REF9457
TXN100852,USER_10018,2024-04-12,48257.53,RTGS,CR,RTGS/SALARY_CR/REF1136
TXN101873,USER_10022,2024-02-10,-1151.09,IMPS,DR,IMPS/AMAZON/REF3567
TXN101613,USER_10044,2024-08-27,-3280.86,RTGS,DR,RTGS/TATA_POWER/REF3700
TXN101820,USER_10017,2099-12-31,-143.3,RTGS,DR,RTGS/TATA_POWER/REF8274
TXN101631,USER_10002,2024-07-05,33065.75,CARD,CR,CARD/EMI_CR/REF3113
TXN100482,USER_10007,2024-01-07,-3522.42,RTGS,DR,RTGS/UBER/REF6680
TXN101579,USER_10024,2024-07-15,-4141.48,CARD,DR,CARD/AJIO/REF1716
TXN101632,USER_10028,2024-07-06,-3141.93,IMPS,DR,IMPS/NETFLIX/REF2367
TXN101681,USER_10034,2024-01-12,-3816.76,IMPS,DR,IMPS/OLA/REF2880
TXN101246,USER_10049,2024-01-06,-2610.88,UPI,DR,UPI/AMAZON/REF6542
TXN101438,USER_10047,2024-04-17,32857.92,UPI,CR,UPI/REFUND/REF3759
TXN101035,USER_10013,2024-03-08,-1233.36,UPI,DR,UPI/AMAZON/REF8860
TXN100865,USER_10041,2024-10-16,27224.73,ATM,CR,ATM/EMI_CR/REF2939
TXN100115,USER_10040,2024-09-08,-110.71,RTGS,DR,RTGS/BPCL/REF8843
TXN101250,USER_10022,2024-01-05,68014.6,NEFT,CR,   
TXN101435,USER_10033,2024-04-06,16607.65,IMPS,CR,IMPS/REFUND/REF5951
TXN100270,USER_10023,2024-09-19,52558.74,NEFT,CR,NEFT/SALARY_CR/REF8179
TXN100472,USER_10018,2024-11-26,-4494.67,RTGS,DR,RTGS/BLR_METRO/REF7322
TXN101884,USER_10034,2024-09-03,-1133.71,IMPS,DR,IMPS/AJIO/REF7874
TXN100945,USER_10027,2024-06-25,45790.89,ATM,CR,ATM/EMI_CR/REF7622
TXN100359,USER_10032,2024-05-28,-4586.17,IMPS,DR,IMPS/DMART/REF6253
TXN100763,USER_10025,2024-02-20,-347.18,RTGS,DR,RTGS/INDIAN_OIL/REF2577
TXN101195,USER_10021,2024-01-14,-4907.61,RTGS,DR,RTGS/FLIPKART/REF7120
TXN101274,USER_10009,2024-06-15,-3142.61,RTGS,DR,RTGS/RELIANCE_TRENDS/REF7344
TXN101580,USER_10008,2024-05-07,23735.95,ATM,CR,ATM/EMI_CR/REF1221
TXN100681,USER_10034,2024-10-07,26328.38,CARD,CR,CARD/EMI_CR/REF6633
TXN101396,USER_10024,2024-12-19,-309.46,UPI,DR,UPI/SWIGGY/REF7183
TXN101321,USER_10044,2024-02-03,9340.16,UPI,CR,UPI/REFUND/REF5939
TXN100304,USER_10021,2024-10-12,57847.56,ATM,CR,ATM/SALARY_CR/REF9341
TXN100348,USER_10046,2024-01-12,-4091.44,NEFT,DR,NEFT/MYNTRA/REF2196
TXN100082,USER_10015,2024-05-19,-4470.48,NEFT,DR,NEFT/AMAZON/REF3471
TXN100528,USER_10004,2024-07-10,-3327.59,UPI,DR,UPI/DMART/REF6514
TXN101390,USER_10045,2024-03-10,-3755.95,RTGS,DR,RTGS/DOMINOS/REF2117
TXN101339,USER_10028,2024-04-09,-4567.91,UPI,DR,UPI/SPOTIFY/REF1486
TXN101257,USER_10023,2024-05-12,-1804.64,CARD,DR,CARD/ZOMATO/REF3043
TXN100972,USER_10024,2024-12-15,-2399.22,ATM,DR,ATM/BIGBASKET/REF8122
TXN101541,USER_10039,2024-03-19,-974.96,UPI,DR,UPI/INDIAN_OIL/REF5317
TXN101805,USER_10001,2024-04-10,-4308.46,CARD,DR,CARD/PHARMEASY/REF1296
TXN100525,USER_10038,2024-04-22,-2416.05,ATM,DR,ATM/NETFLIX/REF4300
TXN100569,USER_10012,2024-04-12,22464.32,UPI,CR,UPI/REFUND/REF6904
TXN101398,USER_10001,2024-08-03,-122.07,CARD,DR,CARD/OLA/REF2035
TXN100301,USER_10048,2024-07-25,-2032.88,ATM,DR,ATM/DMART/REF4189
TXN100553,USER_10005,2024-07-21,55001.4,ATM,CR,ATM/EMI_CR/REF9467
TXN101247,USER_10020,2024-07-24,16502.73,RTGS,CR,RTGS/SALARY_CR/REF1607
TXN101646,USER_10044,2024-08-11,-3479.86,UPI,DR,UPI/TATA_POWER/REF4253
TXN101166,USER_10047,2024-06-16,-185.39,CARD,DR,CARD/ZOMATO/REF4010
TXN101306,USER_10045,2024-04-23,-2494.35,UPI,DR,
TXN101988,USER_10008,2024-10-21,-3447.18,RTGS,DR,RTGS/SWIGGY/REF7581
TXN100435,USER_10027,2024-04-05,-2710.03,NEFT,DR,NEFT/APOLLO_PHARMACY/REF3733
TXN100903,USER_10029,2024-11-16,56622.79,ATM,CR,ATM/SALARY_CR/REF7793
TXN101626,USER_10015,2024-04-16,47481.39,ATM,CR,ATM/SALARY_CR/REF9151
TXN100063,USER_10007,2024-05-13,-4814.54,UPI,DR,UPI/INDIAN_OIL/REF2776
TXN101421,USER_10017,2024-09-03,-4864.15,RTGS,DR,RTGS/TATA_POWER/REF3748
TXN100277,USER_10005,2024-12-15,74060.23,IMPS,CR,IMPS/EMI_CR/REF2063
TXN100073,USER_10018,2024-09-20,-3115.34,NEFT,DR,NEFT/AMAZON/REF6085
TXN100412,USER_10046,2024-08-24,19675.39,CARD,CR,CARD/REFUND/REF2133
TXN100708,USER_10026,2024-06-18,-2433.51,RTGS,DR,RTGS/DOMINOS/REF4452
TXN101791,USER_10004,2024-06-23,-3663.39,CARD,DR,CARD/MYNTRA/REF9653
TXN100492,USER_10033,2024-01-24,9824.85,IMPS,CR,IMPS/REFUND/REF6090
TXN100650,USER_10003,2024-12-09,-1371.54,IMPS,DR,IMPS/UBER/REF5105
TXN100904,USER_10026,2024-01-24,-2824.06,NEFT,DR,NEFT/APOLLO_PHARMACY/REF1185
TXN101954,USER_10005,2024-02-29,17775.07,NEFT,CR,
TXN100829,USER_10035,2024-10-19,15830.04,RTGS,CR,
TXN100980,USER_10038,2024-12-02,20177.73,CARD,CR,CARD/EMI_CR/REF2995
TXN101772,USER_10018,2024-12-07,-2964.38,CARD,DR,CARD/SPOTIFY/REF5508
TXN100608,USER_10026,2024-02-23,-3107.6,UPI,DR,UPI/BPCL/REF2741
TXN101781,USER_10049,2024-12-03,-690.64,ATM,DR,ATM/NETFLIX/REF6703
TXN100443,USER_10047,2024-11-30,25839.63,RTGS,CR,RTGS/SALARY_CR/REF5305
TXN100433,USER_10043,2024-03-09,-1230.93,NEFT,DR,NEFT/FLIPKART/REF7116
TXN100832,USER_10046,2024-06-15,17103.17,CARD,CR,CARD/EMI_CR/REF2562
TXN101648,USER_10000,2024-03-18,70367.36,IMPS,CR,IMPS/REFUND/REF2861
TXN101067,USER_10022,2024-02-17,-3060.35,ATM,DR,ATM/OLA/REF9625
TXN100271,USER_10002,2024-03-05,-3903.65,IMPS,DR,IMPS/SPOTIFY/REF7272
TXN101329,USER_10032,2099-12-31,26783.18,NEFT,CR,NEFT/EMI_CR/REF3415
TXN100985,USER_10016,2024-05-15,-393.52,ATM,DR,ATM/OLA/REF7432
TXN100040,USER_10003,2024-06-09,-2941.68,ATM,DR,ATM/MCD/REF3579
TXN100914,USER_10045,2024-01-17,-479.65,IMPS,DR,IMPS/BLR_METRO/REF8404
TXN100107,USER_10044,2024-08-31,-2479.57,UPI,DR,UPI/SWIGGY/REF5820
TXN100931,USER_10029,2024-06-07,-3565.57,RTGS,DR,RTGS/JIO/REF4796
TXN101081,USER_10048,2024-05-21,-4854.6,CARD,DR,CARD/RELIANCE_TRENDS/REF6927
TXN101565,USER_10018,2024-12-28,-639.56,UPI,DR,UPI/BLR_METRO/REF9741
TXN101411,USER_10003,2024-03-11,-1518.24,RTGS,DR,RTGS/BIGBASKET/REF4348
TXN101719,USER_10001,2024-08-31,-2290.57,UPI,DR,UPI/INDIAN_OIL/REF2377
TXN101590,USER_10042,2024-12-17,-4096.93,UPI,DR,UPI/SPOTIFY/REF5441
TXN101547,USER_10003,2024-09-18,-305.69,IMPS,DR,IMPS/FLIPKART/REF6956
TXN100691,USER_10022,2024-06-05,-588.72,ATM,DR,ATM/APOLLO_PHARMACY/REF2343
TXN100677,USER_10018,2024-12-17,-478.2,RTGS,DR,RTGS/AJIO/REF7249
TXN101868,USER_10042,2024-05-22,-1073.87,NEFT,DR,NEFT/MCD/REF1448
TXN100062,USER_10041,2024-09-17,-4906.69,IMPS,DR,IMPS/BBPS/REF1452
TXN100878,USER_10025,2024-01-21,-2604.83,UPI,DR,UPI/APOLLO_PHARMACY/REF4110
TXN101292,USER_10010,2024-05-05,-2147.57,RTGS,DR,RTGS/BBPS/REF1684
TXN101439,USER_10031,2024-01-01,-3880.03,ATM,DR,ATM/AIRTEL/REF7829
TXN100521,USER_10048,2024-04-22,-4914.19,IMPS,DR,IMPS/TATA_POWER/REF3846
TXN100235,USER_10041,2024-12-09,-1841.05,IMPS,DR,IMPS/SPOTIFY/REF3953
TXN101212,USER_10011,2024-04-03,8168.11,CARD,CR,CARD/REFUND/REF5876
TXN100689,USER_10020,2024-05-06,54853.94,RTGS,CR,RTGS/EMI_CR/REF5533
TXN101632,USER_10028,2024-07-06,-3141.93,IMPS,DR,
TXN101275,USER_10014,2024-07-21,-276.81,RTGS,DR,RTGS/PHARMEASY/REF5544
TXN100506,USER_10009,2024-02-16,-4843.58,ATM,DR,ATM/TATA_POWER/REF1802
TXN100174,USER_10007,2024-03-12,-234.2,UPI,DR,UPI/DOMINOS/REF2592
TXN101625,USER_10021,2024-05-28,-4286.97,UPI,DR,UPI/AIRTEL/REF7350
TXN101088,USER_10017,2024-12-16,-1844.49,ATM,DR,
TXN100351,USER_10023,2024-07-14,-4589.72,RTGS,DR,RTGS/TATA_POWER/REF2314
TXN101240,USER_10046,2024-05-29,-3821.73,CARD,DR,
TXN101971,USER_10014,2024-09-16,-2158.18,ATM,DR,ATM/INDIAN_OIL/REF7565
TXN101657,USER_10005,2024-11-28,-4665.86,RTGS,DR,RTGS/FLIPKART/REF9924
TXN100078,USER_10007,2024-08-21,-2349.98,ATM,DR,ATM/MCD/REF6198
TXN101671,USER_10001,2024-03-07,49412.42,NEFT,CR,NEFT/REFUND/REF4927
TXN101697,USER_10038,not_a_date,-1220.29,IMPS,DR,IMPS/SWIGGY/REF1292
TXN100593,USER_10045,2024-04-02,39130.66,NEFT,CR,NEFT/EMI_CR/REF6134
TXN100922,USER_10040,2024-04-17,INVALID,ATM,DR,ATM/INDIAN_OIL/REF6228
TXN101031,USER_10015,2024-06-16,-1150.91,NEFT,DR,NEFT/DMART/REF1083
TXN100916,USER_10005,2024-08-15,-4005.18,NEFT,DR,NEFT/MCD/REF4116
TXN100687,USER_10031,2024-08-18,-3314.14,ATM,DR,ATM/PORTRONICS/REF3496
TXN101482,USER_10007,not_a_date,-2987.29,CARD,DR,CARD/BIGBASKET/REF7619
TXN100493,USER_10020,2024-02-14,-89.45,IMPS,DR,IMPS/OLA/REF5979
TXN101741,USER_10017,2024-11-16,-4501.15,ATM,DR,ATM/JIO/REF3866
TXN101234,USER_10022,2024-12-12,-4148.35,UPI,DR,UPI/MCD/REF2043
TXN101415,USER_10015,2024-04-15,-4537.83,NEFT,DR,NEFT/PHARMEASY/REF4644
TXN101764,USER_10033,2024-03-14,-4838.03,NEFT,DR,NEFT/BIGBASKET/REF3535
TXN100941,USER_10019,2024-07-26,-588.29,RTGS,DR,RTGS/RELIANCE_TRENDS/REF6364
TXN100686,USER_10042,2024-12-01,-1461.43,NEFT,DR,NEFT/AMAZON/REF6206
TXN100437,USER_10022,2024-01-05,-1015.89,ATM,DR,ATM/TATA_POWER/REF9281
TXN100586,USER_10032,2024-06-02,63844.71,NEFT,CR,NEFT/EMI_CR/REF5813
TXN100571,USER_10043,2024-01-16,-2469.49,NEFT,DR,NEFT/JIO/REF8775
TXN100919,USER_10046,2024-01-19,-3582.7,UPI,DR,UPI/MCD/REF1067
TXN101659,USER_10026,2024-04-18,-2300.42,UPI,DR,UPI/TATA_POWER/REF4204
TXN101263,USER_10023,2024-12-12,-2961.79,RTGS,DR,RTGS/MCD/REF5320
TXN100949,USER_10042,2024-03-29,-981.72,IMPS,DR,   
TXN101731,USER_10027,2024-06-20,-4873.14,NEFT,DR,NEFT/AMAZON/REF1159
TXN100920,USER_10019,2099-12-31,-2991.72,IMPS,DR,
TXN101797,USER_10010,2024-05-27,-2898.01,ATM,DR,ATM/MCD/REF9192
TXN100175,USER_10015,2024-10-02,-2295.54,CARD,DR,CARD/PHARMEASY/REF9850
TXN100362,USER_10035,2024-09-10,-1754.85,CARD,DR,CARD/APOLLO_PHARMACY/REF7244
TXN100824,USER_10023,2024-07-30,35141.17,IMPS,CR,IMPS/EMI_CR/REF4943
TXN100217,USER_10014,2024-06-19,10346.56,UPI,CR,UPI/EMI_CR/REF9693
TXN100424,USER_10019,2024-01-23,13055.97,CARD,CR,CARD/REFUND/REF2791
TXN100755,USER_10044,2024-01-05,-1093.22,UPI,DR,UPI/DMART/REF6331
TXN100752,USER_10011,2024-09-18,-1149.36,NEFT,DR,NEFT/DMART/REF1887
TXN101623,USER_10013,2024-12-14,-3855.69,ATM,DR,ATM/UBER/REF9459
TXN100356,USER_10042,2024-08-02,-4684.38,NEFT,DR,NEFT/SWIGGY/REF4376
TXN101192,USER_10007,2024-06-27,4347.46,NEFT,DR,NEFT/UBER/REF9335
TXN101320,USER_10037,2024-03-04,-350.4,RTGS,DR,RTGS/ZOMATO/REF6132
TXN100355,USER_10015,2024-08-23,-1414.47,UPI,DR,UPI/MYNTRA/REF1527
TXN101640,USER_10009,2024-11-23,-2862.62,RTGS,DR,RTGS/RELIANCE_TRENDS/REF2022
TXN100198,USER_10018,2024-11-03,-562.82,NEFT,DR,NEFT/MCD/REF3535
TXN101550,USER_10038,2024-02-21,-1298.7,IMPS,DR,IMPS/DOMINOS/REF6476
TXN100757,USER_10030,2024-11-09,-960.37,NEFT,DR,NEFT/AIRTEL/REF7866
TXN101392,USER_10017,2024-03-23,-139.43,NEFT,DR,NEFT/FLIPKART/REF5819
TXN101486,USER_10023,2024-01-06,-459.05,CARD,DR,CARD/DOMINOS/REF9351
TXN101923,USER_10009,2024-08-28,-4886.03,CARD,DR,CARD/BPCL/REF4074
TXN101024,USER_10004,2024-08-29,-318.98,NEFT,DR,NEFT/AIRTEL/REF4541
TXN100887,USER_10009,2024-04-01,8591.73,IMPS,CR,IMPS/REFUND/REF8311
TXN101915,USER_10006,2024-08-05,-1909.65,UPI,DR,UPI/AJIO/REF3655
TXN100005,USER_10024,2024-02-19,-1752.58,UPI,DR,UPI/INDIAN_OIL/REF8527
TXN101718,USER_10029,2024-02-24,-1240.78,NEFT,DR,NEFT/JIO/REF5370
TXN101377,USER_10008,2024-10-01,-3728.56,NEFT,DR,NEFT/TATA_POWER/REF3128
TXN100016,USER_10005,2024-01-25,15698.89,CARD,CR,CARD/SALARY_CR/REF7916
TXN100629,USER_10029,2024-08-15,36366.9,RTGS,CR,RTGS/REFUND/REF6178
TXN101296,USER_10036,2024-02-05,-2006.76,NEFT,DR,NEFT/FLIPKART/REF5578
TXN101844,USER_10048,2024-11-28,432.69,ATM,DR,ATM/BLR_METRO/REF9249
TXN100337,USER_10015,2024-01-04,-1215.83,IMPS,DR,IMPS/AJIO/REF6400
TXN101118,USER_10004,2024-09-12,-4861.76,ATM,DR,ATM/TATA_POWER/REF6356
TXN100336,USER_10005,2024-07-24,-964.67,RTGS,DR,RTGS/BIGBASKET/REF6301
TXN101770,USER_10009,2024-11-21,-751.35,CARD,DR,CARD/MYNTRA/REF4943
TXN100575,USER_10049,2024-12-15,-4562.0,NEFT,DR,NEFT/APOLLO_PHARMACY/REF1138
TXN101893,USER_10049,2024-12-26,1795.87,ATM,DR,ATM/AJIO/REF2039
TXN100485,USER_10017,2024-09-25,-3576.0,CARD,DR,CARD/DMART/REF2262
TXN101655,USER_10035,2024-10-31,-2207.59,CARD,DR,CARD/BPCL/REF8167
TXN100221,USER_10043,2024-10-16,-4933.33,CARD,DR,CARD/NETFLIX/REF6179
TXN100467,USER_10046,2024-04-19,-799.3,ATM,DR,ATM/AIRTEL/REF8248
TXN100134,USER_10029,2024-02-15,-1650.21,RTGS,DR,
TXN101084,USER_10037,2024-01-30,-2332.17,NEFT,DR,NEFT/PORTRONICS/REF6855
TXN100776,USER_10028,2024-11-16,-2657.37,UPI,DR,UPI/UBER/REF1575
TXN101736,USER_10016,2024-07-05,-4147.36,CARD,DR,CARD/BPCL/REF6467
TXN101611,USER_10033,2024-07-12,13759.33,RTGS,CR,RTGS/SALARY_CR/REF1917
TXN101295,USER_10040,2024-04-18,-2576.13,NEFT,DR,NEFT/ZOMATO/REF9750
TXN101239,USER_10032,2024-02-23,-634.39,IMPS,DR,IMPS/OLA/REF3572
TXN101529,USER_10025,2024-06-30,-2182.48,UPI,DR,UPI/OLA/REF9668
TXN100250,USER_10048,2024-12-27,-3095.97,UPI,DR,UPI/AMAZON/REF5193
TXN100012,USER_10002,2024-06-10,-377.63,CARD,DR,CARD/DMART/REF6155
TXN100266,USER_10046,2024-08-05,-3032.14,ATM,DR,ATM/UBER/REF5813
TXN100869,USER_10038,2024-10-17,-3001.99,CARD,DR,CARD/BLR_METRO/REF1427
TXN100751,USER_10023,2024-11-13,-4495.7,IMPS,DR,IMPS/DMART/REF9041
TXN101832,USER_10017,2024-11-08,-4768.8,NEFT,DR,NEFT/JIO/REF5227
TXN101459,USER_10013,2024-03-28,51182.16,UPI,CR,UPI/SALARY_CR/REF8125
TXN101006,USER_10020,2024-03-02,45317.69,IMPS,CR,IMPS/SALARY_CR/REF4493
TXN101276,USER_10041,2024-02-15,54504.6,CARD,CR,CARD/EMI_CR/REF6060
TXN100599,USER_10037,2024-06-05,-4128.03,IMPS,DR,IMPS/BPCL/REF8469
TXN101098,USER_10030,2024-03-01,8029.7,CARD,CR,CARD/REFUND/REF1168
TXN101918,USER_10026,2024-07-23,-632.04,CARD,DR,CARD/BPCL/REF5441
TXN101042,USER_10039,2024-01-21,-917.57,CARD,DR,CARD/BBPS/REF2097
TXN100253,USER_10004,2024-02-26,39988.05,UPI,CR,UPI/EMI_CR/REF9443
TXN101529,USER_10025,2024-06-30,-2182.48,UPI,DR,UPI/OLA/REF9668
TXN101774,USER_10001,2024-05-25,-2842.83,ATM,DR,ATM/SWIGGY/REF5960
TXN100807,USER_10012,2024-10-17,-1770.94,RTGS,DR,RTGS/MYNTRA/REF5510
TXN101220,USER_10012,2024-02-14,-2343.96,RTGS,DR,RTGS/DOMINOS/REF1357
TXN101476,USER_10025,2024-02-06,-1451.05,NEFT,DR,NEFT/PORTRONICS/REF9978
TXN101503,USER_10040,2024-12-22,-3586.5,CARD,DR,CARD/DMART/REF9379
TXN101407,USER_10021,2024-03-30,-4425.64,CARD,DR,CARD/NETFLIX/REF8899
TXN101799,USER_10016,2024-11-30,-1723.32,NEFT,DR,NEFT/INDIAN_OIL/REF6481
TXN100799,USER_10023,2024-01-27,20245.18,NEFT,CR,NEFT/SALARY_CR/REF8113
TXN100907,USER_10025,2024-10-18,-194.13,NEFT,DR,NEFT/UBER/REF6415
TXN101399,USER_10014,2024-02-19,63131.55,CARD,CR,CARD/SALARY_CR/REF3736
TXN100342,USER_10044,2024-10-08,58014.54,NEFT,CR,NEFT/EMI_CR/REF5054
TXN101267,USER_10035,2024-07-08,13313.62,UPI,CR,UPI/REFUND/REF2980
TXN100870,USER_10022,2024-02-10,-2409.18,ATM,DR,ATM/MCD/REF8680
TXN101555,USER_10006,2024-02-08,48330.73,CARD,CR,
TXN101481,USER_10043,2024-03-27,11723.34,NEFT,CR,NEFT/REFUND/REF1859
TXN100518,USER_10036,2024-09-14,-1388.66,IMPS,DR,IMPS/SWIGGY/REF4588
TXN101870,USER_10001,2024-07-08,-4711.94,RTGS,DR,RTGS/DMART/REF8288
TXN100969,USER_10042,2024-08-13,-878.05,CARD,DR,CARD/DMART/REF6653
TXN101404,USER_10002,2024-02-04,33776.78,RTGS,CR,RTGS/EMI_CR/REF2668
TXN100090,USER_10029,2024-04-03,-1926.56,RTGS,DR,RTGS/OLA/REF6355
TXN100035,USER_10004,2024-08-14,64917.68,UPI,CR,UPI/SALARY_CR/REF9856
TXN100189,USER_10043,2024-02-25,-4553.02,UPI,DR,UPI/AMAZON/REF6277
TXN101750,USER_10005,2024-12-31,-4979.78,RTGS,DR,RTGS/OLA/REF2322
TXN101151,USER_10020,2024-11-04,-364.73,IMPS,DR,IMPS/AIRTEL/REF2479
TXN100694,USER_10049,2024-10-29,-231.45,ATM,DR,ATM/INDIAN_OIL/REF9842
TXN100735,USER_10002,2024-11-02,-3507.33,NEFT,DR,NEFT/RELIANCE_TRENDS/REF1590
TXN101111,USER_10025,2024-08-12,-3398.77,NEFT,DR,
TXN101433,USER_10016,2024-05-06,-4761.3,UPI,DR,UPI/UBER/REF2912
TXN101872,USER_10028,2024-08-09,-479.98,IMPS,DR,IMPS/BIGBASKET/REF2908
TXN100797,USER_10024,2024-12-14,70535.07,CARD,CR,CARD/SALARY_CR/REF1691
TXN101852,USER_10021,2024-06-09,-2072.09,NEFT,DR,NEFT/MCD/REF9096
TXN101961,USER_10002,2024-10-26,-2712.85,CARD,DR,CARD/OLA/REF8108
TXN100619,USER_10007,2024-03-08,-340.3,UPI,DR,UPI/UBER/REF7816
TXN101710,USER_10017,2024-06-13,38789.44,IMPS,CR,IMPS/SALARY_CR/REF5853
TXN101922,USER_10010,2024-09-25,-2395.66,RTGS,DR,RTGS/NETFLIX/REF3936
TXN100894,USER_10026,2099-12-31,-1457.68,CARD,DR,CARD/PHARMEASY/REF3906
TXN100225,USER_10024,2024-08-24,-4773.45,UPI,DR,UPI/MYNTRA/REF8368
TXN101044,USER_10007,2024-11-28,-4698.78,CARD,DR,CARD/DMART/REF4437
TXN100649,USER_10018,2024-08-04,41591.1,RTGS,CR,RTGS/SALARY_CR/REF3381
TXN101224,USER_10047,2024-10-23,-2793.81,UPI,DR,UPI/BPCL/REF8987
TXN100300,USER_10018,2024-10-01,-582.11,IMPS,DR,IMPS/BIGBASKET/REF6992
TXN100773,USER_10025,2024-02-22,4687.13,ATM,DR,ATM/DOMINOS/REF1881
TXN100392,USER_10004,2024-06-02,-1240.34,CARD,DR,CARD/TATA_POWER/REF9856
TXN101137,USER_10018,2024-05-15,-4981.33,NEFT,DR,NEFT/TATA_POWER/REF2506
TXN101461,USER_10046,2024-05-11,-4759.94,UPI,DR,UPI/PHARMEASY/REF3224
TXN100777,USER_10042,2024-07-01,27764.09,RTGS,CR,RTGS/REFUND/REF9856
TXN100242,USER_10043,2024-10-19,37317.6,RTGS,CR,RTGS/REFUND/REF9239
TXN101017,USER_10017,2024-01-28,-3993.23,RTGS,DR,RTGS/PHARMEASY/REF9151
TXN100450,USER_10015,2024-03-15,-4150.98,CARD,DR,CARD/AJIO/REF7434
TXN101627,USER_10006,2024-01-08,-4358.76,UPI,DR,UPI/BBPS/REF9174
TXN101383,USER_10026,2024-05-07,-3107.8,RTGS,DR,RTGS/AIRTEL/REF7302
TXN101704,USER_10020,2024-12-18,-1170.39,NEFT,DR,NEFT/AMAZON/REF7043
TXN100855,USER_10045,2024-02-20,38926.35,ATM,CR,ATM/EMI_CR/REF2442
TXN101449,USER_10015,2024-07-03,-1923.26,IMPS,DR,IMPS/ZOMATO/REF6410
TXN100622,USER_10031,2024-02-27,35848.15,IMPS,CR,IMPS/SALARY_CR/REF6148
TXN100639,USER_10049,2024-08-18,-2967.12,NEFT,DR,NEFT/MCD/REF9172
TXN100484,USER_10047,2024-05-17,-634.38,IMPS,DR,IMPS/SWIGGY/REF8034
TXN100531,USER_10014,2024-12-06,-917.99,CARD,DR,CARD/BPCL/REF5825
TXN101979,USER_10048,2024-02-19,-1625.87,RTGS,DR,  
TXN100127,USER_10029,2024-12-18,-2042.42,ATM,DR,ATM/INDIAN_OIL/REF9847
TXN101641,USER_10023,2024-08-08,19939.46,UPI,CR,UPI/SALARY_CR/REF7929
TXN100434,USER_10044,2024-03-13,-2120.28,ATM,DR,ATM/BIGBASKET/REF7286
TXN101380,USER_10009,2024-08-16,-2026.22,ATM,DR,ATM/BLR_METRO/REF6388
TXN100143,USER_10021,2024-09-16,-62.7,IMPS,DR,IMPS/MYNTRA/REF9022
TXN100750,USER_10043,2024-12-05,-82.79,UPI,DR,UPI/BBPS/REF8901
TXN101269,USER_10023,2024-06-04,-188.49,NEFT,DR,NEFT/BIGBASKET/REF7910
TXN100857,USER_10015,2024-09-28,-2475.17,NEFT,DR,NEFT/MYNTRA/REF1301
TXN100282,USER_10049,2024-07-28,10162.55,CARD,CR,CARD/REFUND/REF2215
TXN101359,USER_10004,2024-07-03,-1041.52,CARD,DR,CARD/OLA/REF6394
TXN101262,USER_10005,2024-02-01,-693.81,RTGS,DR,RTGS/OLA/REF2279
TXN101258,USER_10028,2024-06-01,-75.81,NEFT,DR,   
TXN100316,USER_10024,2024-06-09,37176.45,IMPS,CR,IMPS/EMI_CR/REF9950
TXN101115,USER_10048,2024-11-25,29926.81,ATM,CR,ATM/EMI_CR/REF7626
TXN101818,USER_10002,2024-04-30,-3267.05,UPI,DR,UPI/JIO/REF1348
TXN100927,USER_10001,2024-08-29,8531.92,UPI,CR,UPI/REFUND/REF2410
TXN101173,USER_10016,2024-12-25,8484.81,RTGS,CR,RTGS/EMI_CR/REF5262
TXN100691,USER_10022,2024-06-05,-588.72,ATM,DR,ATM/APOLLO_PHARMACY/REF2343
TXN101509,USER_10033,2024-06-27,-4333.72,IMPS,DR,IMPS/BBPS/REF2623
TXN100163,USER_10038,2024-09-11,68205.44,ATM,CR,ATM/SALARY_CR/REF6772
TXN100103,USER_10015,2024-02-14,-2281.47,RTGS,DR,RTGS/AJIO/REF7209
TXN100917,USER_10021,2024-09-04,-2641.96,IMPS,DR,IMPS/AJIO/REF3347
TXN100865,USER_10041,2024-10-16,27224.73,ATM,CR,ATM/EMI_CR/REF2939
TXN101469,USER_10006,2024-07-21,-4269.19,NEFT,DR,NEFT/NETFLIX/REF5863
TXN100939,USER_10034,2024-12-21,-3329.93,CARD,DR,CARD/AMAZON/REF8972
TXN100486,USER_10031,2024-08-21,-324.42,NEFT,DR,NEFT/DMART/REF7024
TXN100457,USER_10002,2024-02-20,4191.68,UPI,DR,UPI/SWIGGY/REF3588
TXN100911,USER_10035,2024-10-01,-2908.12,IMPS,DR,IMPS/NETFLIX/REF2084
TXN101346,USER_10002,n/a,-4279.46,NEFT,DR,NEFT/BPCL/REF6368
TXN100940,USER_10007,2024-10-30,-1660.62,RTGS,DR,RTGS/FLIPKART/REF3886
TXN101766,USER_10007,2024-02-04,-3038.76,ATM,DR,ATM/FLIPKART/REF2587
TXN101348,USER_10013,2024-02-11,60369.81,UPI,CR,UPI/EMI_CR/REF3743
TXN101920,USER_10018,2024-09-24,-4023.93,IMPS,DR,IMPS/PORTRONICS/REF9509
TXN101215,USER_10027,2024-09-30,-2004.92,NEFT,DR,NEFT/SWIGGY/REF8817
TXN100365,USER_10029,2024-01-30,-4840.54,ATM,DR,ATM/BBPS/REF3196
TXN100320,USER_10022,2024-10-13,60678.37,IMPS,CR,IMPS/REFUND/REF2996
TXN101702,USER_10025,2024-06-01,-2300.18,UPI,DR,UPI/APOLLO_PHARMACY/REF7126
TXN101410,USER_10039,2024-03-04,-3702.67,NEFT,DR,NEFT/AJIO/REF2300
TXN100054,USER_10044,2024-03-17,-4181.25,ATM,DR,ATM/DMART/REF3426
TXN100008,USER_10014,2024-02-21,-2294.38,NEFT,DR,NEFT/SPOTIFY/REF7065
TXN101458,USER_10010,2024-08-16,38751.8,NEFT,CR,NEFT/EMI_CR/REF4987
TXN100087,USER_10014,2024-05-19,-193.67,CARD,DR,CARD/NETFLIX/REF7624
TXN100665,USER_10035,2024-11-28,-3361.25,NEFT,DR,NEFT/JIO/REF4994
TXN101689,USER_10037,2024-07-28,-4142.1,ATM,DR,ATM/APOLLO_PHARMACY/REF6771
TXN100796,USER_10012,2024-08-23,-515.1,NEFT,DR,NEFT/PHARMEASY/REF8746
TXN101883,USER_10018,2024-12-08,-3993.89,ATM,DR,ATM/TATA_POWER/REF6851
TXN100498,USER_10003,2024-03-13,-510.48,ATM,DR,ATM/BLR_METRO/REF7767
TXN101095,USER_10044,2024-03-13,-1571.77,NEFT,DR,NEFT/OLA/REF2287
TXN101311,USER_10039,2024-05-09,-4421.35,RTGS,DR,RTGS/SWIGGY/REF1849
TXN100479,USER_10032,2024-04-14,15876.4,RTGS,CR,RTGS/REFUND/REF2083
TXN101824,USER_10027,2024-01-30,43730.59,CARD,CR,CARD/EMI_CR/REF5709
TXN101511,USER_10035,2024-10-31,33185.59,NEFT,CR,NEFT/EMI_CR/REF5244
TXN101831,USER_10030,2024-11-22,20248.97,ATM,CR,ATM/SALARY_CR/REF2303
TXN101846,USER_10003,2024-11-06,-2646.02,IMPS,DR,IMPS/JIO/REF5410
TXN100602,USER_10014,2024-03-08,-158.47,NEFT,DR,NEFT/MCD/REF3017
TXN101371,USER_10024,2024-04-14,9459.65,NEFT,CR,NEFT/REFUND/REF8778
TXN100785,USER_10012,2024-07-29,35597.45,NEFT,CR,NEFT/SALARY_CR/REF7385
TXN101011,USER_10005,2024-12-27,-4440.23,CARD,DR,CARD/AIRTEL/REF8798
TXN101008,USER_10048,2024-07-31,-1881.14,RTGS,DR,RTGS/UBER/REF4991
TXN101808,USER_10022,2024-04-09,-4594.44,NEFT,DR,NEFT/BLR_METRO/REF2507
TXN100886,USER_10049,2024-03-28,44584.41,NEFT,CR,NEFT/EMI_CR/REF3656
TXN101289,USER_10001,2024-07-27,-4572.99,IMPS,DR,IMPS/SWIGGY/REF2663
TXN100973,USER_10000,2024-05-27,36417.44,IMPS,CR,IMPS/EMI_CR/REF9687
TXN100610,USER_10045,2024-07-28,-245.06,NEFT,DR,NEFT/DOMINOS/REF8875
TXN100529,USER_10019,2024-06-14,-829.64,CARD,DR,CARD/AIRTEL/REF8982
TXN101022,USER_10026,2024-04-11,-4496.95,UPI,DR,UPI/BLR_METRO/REF6343
TXN100160,USER_10044,2024-05-08,-1545.5,RTGS,DR,RTGS/TATA_POWER/REF2747
TXN100589,USER_10023,2024-05-13,-2345.62,RTGS,DR,RTGS/FLIPKART/REF1879
TXN101474,USER_10049,2024-04-01,55917.68,CARD,CR,CARD/REFUND/REF3608
TXN101665,USER_10012,2024-11-11,-4151.32,RTGS,DR,RTGS/DMART/REF3111
TXN101253,USER_10005,2024-01-19,-1980.47,CARD,DR,CARD/MYNTRA/REF3064
TXN101751,USER_10018,2024-04-22,-4668.03,CARD,DR,CARD/BLR_METRO/REF7328
TXN100609,USER_10031,2024-04-11,-3900.9,NEFT,DR,NEFT/MCD/REF6864
TXN100594,USER_10040,2024-01-30,-1403.96,NEFT,DR,NEFT/AJIO/REF3595
TXN101667,USER_10027,2024-04-28,-4015.8,UPI,DR,UPI/MCD/REF7422
TXN100791,USER_10046,2024-01-05,-795.88,NEFT,DR,NEFT/DOMINOS/REF6601
TXN100481,USER_10005,2024-08-10,-3080.87,IMPS,DR,IMPS/ZOMATO/REF3877
TXN101450,USER_10006,2024-01-02,-3506.63,NEFT,DR,NEFT/MYNTRA/REF1420
TXN100402,USER_10024,2024-01-07,INVALID,CARD,DR,
TXN101967,USER_10030,2024-06-20,-4519.75,IMPS,DR,IMPS/UBER/REF6018
TXN101804,USER_10041,2024-06-28,-1551.92,UPI,DR,UPI/BLR_METRO/REF1906
TXN100995,USER_10011,2024-10-10,1951.61,IMPS,DR,IMPS/OLA/REF7391
TXN100418,USER_10036,2024-11-26,-2028.11,IMPS,DR,IMPS/AJIO/REF8052
TXN100948,USER_10040,2024-06-11,-2059.86,ATM,DR,ATM/AIRTEL/REF4460
TXN100591,USER_10007,2024-12-14,-1526.86,NEFT,DR,NEFT/ZOMATO/REF3250
TXN100590,USER_10040,2024-10-25,-3122.24,NEFT,DR,NEFT/DOMINOS/REF9199
TXN101630,USER_10030,2024-05-11,35943.18,UPI,CR,UPI/SALARY_CR/REF8999
TXN101028,USER_10014,2024-05-31,-3958.26,ATM,DR,ATM/APOLLO_PHARMACY/REF3784
TXN100222,USER_10009,2024-08-13,-2238.93,IMPS,DR,IMPS/BPCL/REF1920
TXN101083,USER_10044,2024-03-02,3678.14,IMPS,DR,IMPS/SWIGGY/REF3668
TXN101187,USER_10027,2024-05-24,23425.15,ATM,CR,ATM/REFUND/REF6128
TXN101916,USER_10033,2024-03-03,-2216.13,UPI,DR,UPI/FLIPKART/REF7949
TXN101379,USER_10037,2024-04-13,-3439.94,NEFT,DR,NEFT/INDIAN_OIL/REF1121
TXN101975,USER_10042,2024-03-16,-901.74,UPI,DR,UPI/BPCL/REF4024
TXN101693,USER_10014,2024-10-14,-1453.89,ATM,DR,ATM/OLA/REF4562
TXN101768,USER_10003,2024-03-03,-2444.41,NEFT,DR,NEFT/UBER/REF9957
TXN101798,USER_10019,2024-07-23,-2752.41,ATM,DR,ATM/FLIPKART/REF8716
TXN100474,USER_10020,2024-03-08,-4202.92,IMPS,DR,IMPS/AIRTEL/REF9951
TXN101658,USER_10006,2024-11-20,-2927.11,CARD,DR,CARD/ZOMATO/REF5749
TXN101431,USER_10027,2024-05-06,-220.81,CARD,DR,CARD/SPOTIFY/REF1462
TXN101361,USER_10048,2024-10-05,5597.37,IMPS,CR,IMPS/REFUND/REF6679
TXN101417,USER_10031,2024-02-05,8647.48,NEFT,CR,NEFT/SALARY_CR/REF3057
TXN101382,USER_10041,2024-08-21,-4221.07,RTGS,DR,RTGS/BPCL/REF3869
TXN100431,USER_10040,2024-06-09,-3075.98,UPI,DR,UPI/DMART/REF6700
TXN100415,USER_10034,2024-09-16,65874.36,ATM,CR,ATM/REFUND/REF1602
TXN100213,USER_10001,2024-08-23,65347.7,RTGS,CR,RTGS/EMI_CR/REF7626
TXN100361,USER_10019,2024-05-20,-4745.18,NEFT,DR,NEFT/MYNTRA/REF7999
TXN100128,USER_10031,2024-08-12,-247.31,CARD,DR,CARD/AIRTEL/REF6280
TXN100803,USER_10048,2024-11-16,-1809.81,CARD,DR,CARD/BIGBASKET/REF9787
TXN100232,USER_10021,2024-02-11,-750.07,IMPS,DR,IMPS/SPOTIFY/REF7421
TXN100554,USER_10036,2024-12-12,15321.34,NEFT,CR,NEFT/REFUND/REF3738
TXN100420,USER_10028,2024-07-10,-3873.09,CARD,DR,CARD/DMART/REF9199
TXN100470,USER_10015,2024-10-10,-3619.84,CARD,DR,CARD/BPCL/REF1439
TXN101787,USER_10011,2024-06-13,-2275.07,CARD,DR,CARD/BIGBASKET/REF4272
TXN100618,USER_10029,2024-05-19,53293.17,RTGS,CR,RTGS/REFUND/REF3732
TXN100307,USER_10010,2024-07-20,56752.36,ATM,CR,ATM/REFUND/REF6511
TXN101154,USER_10015,2024-11-03,-4043.1,ATM,DR,ATM/NETFLIX/REF7388
TXN100021,USER_10038,2024-04-11,-3824.43,ATM,DR,ATM/BBPS/REF1009
TXN100376,USER_10014,2024-07-13,-1266.36,CARD,DR,CARD/BBPS/REF6530
TXN101790,USER_10013,2024-01-18,67530.37,RTGS,CR,RTGS/REFUND/REF9955
TXN101164,USER_10047,2024-07-30,28290.56,UPI,CR,UPI/REFUND/REF3627
TXN101490,USER_10044,2024-01-11,-4096.44,RTGS,DR,RTGS/MCD/REF2047
TXN100178,USER_10013,2024-08-15,-1218.76,UPI,DR,UPI/SPOTIFY/REF7018
TXN100744,USER_10004,2024-07-14,-4971.28,CARD,DR,CARD/PHARMEASY/REF4767
TXN100147,USER_10042,2024-11-29,39673.01,NEFT,CR,NEFT/SALARY_CR/REF9229
TXN101078,USER_10031,2024-10-13,-1161.38,NEFT,DR,NEFT/SWIGGY/REF5303
TXN100368,USER_10004,2024-04-06,46130.86,ATM,CR,ATM/EMI_CR/REF4555
TXN101136,USER_10023,2024-08-11,-3195.45,ATM,DR,
TXN100625,USER_10042,2024-05-07,-3335.37,RTGS,DR,RTGS/APOLLO_PHARMACY/REF3435
TXN101204,USER_10024,2024-08-31,-3021.69,RTGS,DR,RTGS/AMAZON/REF7033
TXN100728,USER_10042,2024-03-01,-2260.64,NEFT,DR,NEFT/PORTRONICS/REF2642
TXN100950,USER_10009,2024-05-27,51904.63,UPI,CR,UPI/SALARY_CR/REF2175
TXN101002,USER_10041,2024-01-10,4594.19,NEFT,DR,
TXN101340,USER_10012,2024-04-11,-1133.78,CARD,DR,CARD/INDIAN_OIL/REF3855
TXN101019,,2024-08-10,-3103.26,RTGS,DR,RTGS/AJIO/REF1709
TXN100887,USER_10009,2024-04-01,8591.73,IMPS,CR,IMPS/REFUND/REF8311
TXN100243,USER_10033,2024-08-02,62182.39,NEFT,CR,NEFT/EMI_CR/REF5096
TXN101168,USER_10020,2024-10-21,-831.22,CARD,DR,CARD/MCD/REF3131
TXN100647,USER_10032,2024-10-04,-1645.79,IMPS,DR,IMPS/FLIPKART/REF8870
TXN100716,USER_10012,2024-09-24,40305.17,NEFT,CR,NEFT/REFUND/REF2577
TXN100988,USER_10004,2024-02-06,-1290.45,UPI,DR,UPI/JIO/REF9154
TXN100395,USER_10049,2024-06-16,-1402.97,RTGS,DR,RTGS/JIO/REF4737
TXN100585,USER_10046,2024-12-31,-2696.44,CARD,DR,CARD/DOMINOS/REF6873
TXN101497,USER_10028,2024-03-12,-3490.75,IMPS,DR,IMPS/MCD/REF9818
TXN100020,USER_10032,2024-04-01,-576.73,IMPS,DR,IMPS/APOLLO_PHARMACY/REF9317
TXN100075,USER_10029,2024-07-31,45296.96,CARD,CR,CARD/EMI_CR/REF7291
TXN100558,USER_10000,2024-12-24,-2636.68,UPI,DR,UPI/AIRTEL/REF7790
TXN100577,USER_10027,2024-07-11,37129.86,RTGS,CR,RTGS/SALARY_CR/REF5950
TXN101297,USER_10027,2024-04-17,-4789.22,CARD,DR,CARD/NETFLIX/REF6613
TXN100620,USER_10037,2024-09-04,52487.52,ATM,CR,ATM/SALARY_CR/REF7221
TXN101900,USER_10004,2024-09-15,INVALID,UPI,DR,UPI/AIRTEL/REF1241
TXN101885,USER_10028,2024-06-15,-2153.08,RTGS,DR,RTGS/UBER/REF6224
TXN100580,USER_10030,2024-02-02,-1418.59,IMPS,DR,IMPS/NETFLIX/REF5278
TXN101365,USER_10021,2024-02-13,-979.84,CARD,DR,CARD/AJIO/REF7843
TXN100059,USER_10017,2024-03-22,12566.69,RTGS,CR,RTGS/SALARY_CR/REF4644
TXN100910,USER_10026,2024-01-29,25954.06,CARD,CR,CARD/EMI_CR/REF6169
TXN101026,USER_10040,2024-07-02,19154.76,UPI,CR,UPI/SALARY_CR/REF1977
TXN101769,USER_10016,2024-11-09,-4303.6,UPI,DR,UPI/RELIANCE_TRENDS/REF8083
TXN100006,USER_10034,2024-03-04,31497.41,IMPS,CR,IMPS/EMI_CR/REF6925
TXN100239,USER_10009,2024-03-24,-3479.59,NEFT,DR,NEFT/RELIANCE_TRENDS/REF8170
TXN101254,USER_10033,2024-10-03,-509.46,IMPS,DR,IMPS/BBPS/REF9541
TXN101265,USER_10010,2024-03-14,-2449.58,NEFT,DR,NEFT/JIO/REF9408
TXN101160,USER_10035,2024-07-15,-4794.49,CARD,DR,CARD/SPOTIFY/REF2999
TXN100835,USER_10049,2024-04-26,-4254.92,CARD,DR,CARD/SWIGGY/REF7266
TXN101134,USER_10020,2024-10-20,-2467.38,CARD,DR,CARD/PORTRONICS/REF4373
TXN100173,USER_10041,2024-02-02,-2348.12,IMPS,DR,IMPS/PORTRONICS/REF7689
TXN101125,USER_10048,2024-02-26,-2478.24,CARD,DR,CARD/BBPS/REF9837
TXN101778,USER_10004,2024-03-30,-1791.74,ATM,DR,ATM/MYNTRA/REF6558
TXN101306,USER_10045,2024-04-23,-2494.35,UPI,DR,UPI/SPOTIFY/REF5599
TXN100825,USER_10036,2024-10-06,-3840.26,IMPS,DR,IMPS/MYNTRA/REF6898
TXN100784,USER_10000,2024-08-08,46790.26,ATM,CR,ATM/SALARY_CR/REF7121
TXN100066,USER_10000,2024-09-23,42691.64,CARD,CR,CARD/EMI_CR/REF4228
TXN101664,USER_10021,2024-03-28,74498.04,ATM,CR,ATM/SALARY_CR/REF7412
TXN101244,USER_10009,2024-09-28,-1179.5,RTGS,DR,RTGS/AIRTEL/REF7706
TXN101656,USER_10040,2024-05-25,-4692.61,UPI,DR,UPI/FLIPKART/REF2700
TXN101162,USER_10005,not_a_date,-4304.11,RTGS,DR,missing
TXN101114,USER_10027,2024-09-12,-3581.79,ATM,DR,ATM/DMART/REF5472
TXN100164,USER_10014,2024-11-21,-1290.6,CARD,DR,
TXN101810,USER_10000,2024-05-07,10362.82,RTGS,CR,
TXN101775,USER_10002,2024-11-26,-3303.1,UPI,DR,UPI/JIO/REF6811
TXN100541,USER_10035,2024-02-17,-4927.12,CARD,DR,CARD/DOMINOS/REF1507
TXN101525,USER_10034,2024-03-01,-2441.47,NEFT,DR,NEFT/INDIAN_OIL/REF1036
TXN100251,USER_10013,2024-03-17,-3649.81,RTGS,DR,RTGS/MCD/REF2821
TXN101616,USER_10034,2024-02-24,-3005.7,IMPS,DR,IMPS/AJIO/REF4075
TXN100991,USER_10030,2024-08-11,-3652.45,ATM,DR,ATM/AMAZON/REF4700
TXN101025,USER_10039,2024-08-20,-1898.75,CARD,DR,CARD/JIO/REF4181
TXN101545,USER_10001,2024-11-11,-4328.53,RTGS,DR,RTGS/TATA_POWER/REF9601
TXN101403,USER_10000,2024-07-18,-1139.48,IMPS,DR,IMPS/PHARMEASY/REF7045
TXN100343,USER_10043,2024-11-01,10730.92,ATM,CR,ATM/REFUND/REF6927
TXN100199,USER_10042,2024-09-03,-585.68,IMPS,DR,IMPS/BBPS/REF2882
TXN101585,USER_10026,2024-03-13,-1160.35,RTGS,DR,RTGS/BLR_METRO/REF7314
TXN100722,USER_10026,2024-05-11,-3560.29,ATM,DR,ATM/SWIGGY/REF9561
TXN101574,USER_10028,2024-04-28,-2197.82,RTGS,DR,RTGS/BIGBASKET/REF2535
TXN101845,USER_10036,2024-11-18,-2119.5,UPI,DR,UPI/MYNTRA/REF9646
TXN100517,USER_10001,2024-07-14,30137.85,RTGS,CR,RTGS/EMI_CR/REF6636
TXN100967,USER_10031,2024-04-02,65341.01,UPI,CR,UPI/REFUND/REF3376
TXN101462,USER_10034,2024-11-20,-497.69,IMPS,DR,IMPS/PORTRONICS/REF4666
TXN100389,USER_10033,2024-01-22,-4511.3,ATM,DR,ATM/PORTRONICS/REF8790
TXN100400,USER_10006,2024-03-08,-2183.35,ATM,DR,ATM/BBPS/REF9395
TXN100057,USER_10015,2024-03-24,61754.02,UPI,CR,UPI/REFUND/REF3938
TXN101227,USER_10017,2024-11-27,-2393.02,MISSING,DR,ATM/DOMINOS/REF6681
TXN101422,USER_10030,2024-08-13,-3066.5,NEFT,DR,NEFT/AIRTEL/REF8897
TXN100473,USER_10007,2024-05-03,-2989.95,UPI,DR,UPI/MCD/REF6916
TXN101699,USER_10002,2024-09-30,7738.42,UPI,CR,UPI/EMI_CR/REF2137
TXN101819,USER_10031,2024-01-18,-2961.79,UPI,DR,UPI/BPCL/REF1978
TXN100256,USER_10004,2024-09-26,-3942.74,ATM,DR,ATM/MCD/REF1333
TXN100349,USER_10002,2024-08-04,-365.61,UPI,DR,UPI/ZOMATO/REF8734
TXN100156,USER_10010,2024-03-30,-4360.66,CARD,DR,CARD/RELIANCE_TRENDS/REF4945
TXN101670,USER_10001,2024-11-12,-4606.94,ATM,DR,ATM/AMAZON/REF7265
TXN101931,USER_10013,2024-03-27,-1197.56,UPI,DR,UPI/OLA/REF3400
TXN101897,USER_10006,2024-09-13,-2450.25,IMPS,DR,IMPS/UBER/REF5939
TXN101413,USER_10008,2024-05-22,-3945.51,ATM,DR,ATM/ZOMATO/REF7797
TXN101305,USER_10048,2024-05-23,-3560.53,UPI,DR,UPI/OLA/REF5967
TXN101010,USER_10049,2024-03-21,-2460.49,UPI,DR,UPI/SWIGGY/REF3939
TXN101302,USER_10041,2024-11-29,-203.19,RTGS,DR,RTGS/PHARMEASY/REF3022
TXN101394,USER_10009,2024-08-13,-1122.53,CARD,DR,CARD/ZOMATO/REF9721
TXN101604,USER_10042,2024-10-24,-4195.31,UPI,DR,UPI/UBER/REF3406
TXN101337,USER_10047,2024-06-18,31313.83,NEFT,CR,NEFT/REFUND/REF1110
TXN100452,USER_10004,2024-11-20,58821.9,ATM,CR,ATM/REFUND/REF5558
TXN100146,USER_10014,2024-07-29,3736.29,RTGS,DR,RTGS/PORTRONICS/REF7325
TXN101281,USER_10025,2024-10-28,-4316.77,IMPS,DR,IMPS/SWIGGY/REF8160
TXN101536,USER_10026,2024-09-07,-4009.11,NEFT,DR,NEFT/PORTRONICS/REF6322
TXN101049,USER_10005,2024-02-11,-935.12,UPI,DR,UPI/AMAZON/REF3699
TXN100446,USER_10010,2024-11-11,-1072.77,UPI,DR,UPI/OLA/REF6747
TXN100247,USER_10026,2024-01-28,-1901.11,UPI,DR,UPI/TATA_POWER/REF7142
TXN101498,USER_10032,2024-04-17,-3329.95,NEFT,DR,NEFT/ZOMATO/REF1601
TXN100710,USER_10036,2024-10-30,-3166.23,ATM,DR,ATM/ZOMATO/REF3406
TXN100085,USER_10048,2024-10-21,-79.19,IMPS,DR,IMPS/SPOTIFY/REF7389
TXN101577,USER_10043,2024-11-07,-760.44,NEFT,DR,NEFT/AIRTEL/REF8455
TXN100397,USER_10005,2024-11-12,1269.93,UPI,DR,UPI/AMAZON/REF5390
TXN101779,USER_10029,2024-03-12,-3824.91,RTGS,DR,RTGS/BPCL/REF2117
TXN100234,USER_10008,2024-12-09,-4738.19,ATM,DR,ATM/PHARMEASY/REF2531
TXN101939,USER_10013,2024-11-11,-4989.61,RTGS,DR,RTGS/OLA/REF7130
TXN101202,USER_10007,2024-06-01,-2190.17,CARD,DR,CARD/BPCL/REF3151
TXN100490,USER_10014,2024-06-13,-4583.48,IMPS,DR,IMPS/NETFLIX/REF2276
TXN101131,USER_10044,2024-02-03,13012.99,UPI,CR,UPI/SALARY_CR/REF9821
TXN100036,USER_10000,2024-02-17,64408.7,RTGS,CR,RTGS/SALARY_CR/REF8956
TXN101905,USER_10030,2024-05-25,42324.27,RTGS,CR,RTGS/SALARY_CR/REF1282
TXN101072,USER_10013,2024-08-15,-2107.27,IMPS,DR,IMPS/JIO/REF3683
TXN101155,USER_10047,2024-04-30,20260.59,NEFT,CR,NEFT/SALARY_CR/REF4507
TXN100877,USER_10006,2024-08-19,-4394.95,ATM,DR,ATM/BLR_METRO/REF9812
TXN100568,USER_10025,2024-03-10,41700.04,UPI,CR,UPI/EMI_CR/REF3846
TXN100088,USER_10046,2024-03-25,69367.91,ATM,CR,ATM/EMI_CR/REF1441
TXN101748,USER_10031,2024-06-05,-1793.66,UPI,DR,UPI/SWIGGY/REF5119
TXN100770,USER_10017,2024-08-15,70713.89,ATM,CR,ATM/EMI_CR/REF9535
TXN100122,USER_10010,2024-01-02,-3462.39,IMPS,DR,IMPS/DOMINOS/REF1534
TXN100111,USER_10020,2024-03-02,-4756.84,NEFT,DR,NEFT/PORTRONICS/REF4138
TXN100267,USER_10020,2024-02-22,-3321.55,RTGS,DR,RTGS/BPCL/REF7981
TXN100583,USER_10043,2024-03-12,-3294.23,IMPS,DR,IMPS/BPCL/REF7857
TXN101132,USER_10020,2024-01-20,-4323.67,ATM,DR,ATM/DMART/REF7900
TXN100293,USER_10029,2024-04-14,-761.16,IMPS,DR,IMPS/PORTRONICS/REF6658
TXN101937,USER_10044,2024-05-08,-2811.63,CARD,DR,CARD/AIRTEL/REF6704
TXN101352,USER_10013,2024-04-22,36645.6,RTGS,CR,RTGS/SALARY_CR/REF4581
TXN101871,USER_10033,2024-03-05,25645.91,CARD,CR,CARD/SALARY_CR/REF2965
TXN101100,USER_10011,2024-12-09,-499.36,IMPS,DR,IMPS/MYNTRA/REF6698
TXN100732,USER_10046,2024-07-15,33045.14,ATM,CR,ATM/EMI_CR/REF5693
TXN100836,USER_10003,2024-06-05,-1630.62,NEFT,DR,NEFT/DMART/REF6354
TXN101560,USER_10018,2024-01-24,9255.54,NEFT,CR,NEFT/EMI_CR/REF7512
TXN100960,USER_10034,2024-01-06,-2587.68,ATM,DR,ATM/DOMINOS/REF6431
TXN100335,USER_10011,2024-11-08,67792.99,ATM,CR,ATM/REFUND/REF6372
TXN100549,USER_10028,2024-01-23,-2352.04,IMPS,DR,IMPS/BLR_METRO/REF2009
TXN100187,USER_10014,2024-11-10,-3926.97,ATM,DR,ATM/PHARMEASY/REF5941
TXN100068,USER_10042,2024-03-04,-1536.6,CARD,DR,CARD/BPCL/REF7691
TXN100500,USER_10008,2024-11-22,10238.13,UPI,CR,UPI/EMI_CR/REF8126
TXN100162,USER_10042,2024-07-21,-2851.35,CARD,DR,CARD/PHARMEASY/REF1803
TXN100118,USER_10036,2024-06-04,1278.55,RTGS,DR,RTGS/BBPS/REF4697
TXN101935,USER_10019,2024-09-24,-437.09,NEFT,DR,NEFT/RELIANCE_TRENDS/REF3721
TXN100652,USER_10022,2024-08-19,4346.78,ATM,DR,ATM/MYNTRA/REF4675
TXN100072,USER_10028,2024-08-14,-2580.31,NEFT,DR,NEFT/MYNTRA/REF2389
TXN101197,USER_10029,2024-11-17,46594.3,IMPS,CR,
TXN101601,USER_10029,2024-03-14,43605.03,NEFT,CR,NEFT/REFUND/REF4452
TXN100678,USER_10025,2024-12-04,-823.8,NEFT,DR,NEFT/BLR_METRO/REF7406
TXN100131,USER_10041,2024-08-14,17704.24,RTGS,CR,RTGS/EMI_CR/REF9056
TXN101159,USER_10047,2024-12-05,8827.06,NEFT,CR,NEFT/EMI_CR/REF5144
TXN100712,USER_10046,2024-12-04,71307.77,RTGS,CR,RTGS/SALARY_CR/REF8723
TXN100867,USER_10026,2024-06-04,-4672.15,CARD,DR,CARD/APOLLO_PHARMACY/REF5485
TXN100404,USER_10017,2024-09-09,-877.68,RTGS,DR,
TXN100709,USER_10037,2024-03-23,-2083.95,UPI,DR,UPI/BLR_METRO/REF3095
TXN100987,USER_10039,2024-11-25,-2235.83,UPI,DR,UPI/INDIAN_OIL/REF1571
TXN100782,USER_10000,2024-09-24,64356.25,IMPS,CR,IMPS/REFUND/REF8687
TXN101856,USER_10032,2024-09-28,68298.23,NEFT,CR,NEFT/REFUND/REF7591
TXN100259,USER_10008,2024-01-23,-1725.81,NEFT,DR,NEFT/APOLLO_PHARMACY/REF8612
TXN101912,USER_10020,2024-12-18,-2062.34,IMPS,DR,IMPS/SWIGGY/REF4427
TXN101270,USER_10003,2024-06-05,20090.7,RTGS,CR,RTGS/EMI_CR/REF1034
TXN100284,USER_10049,2024-03-07,-4558.03,UPI,DR,UPI/ZOMATO/REF9488
TXN101660,USER_10030,2024-03-04,-3979.07,RTGS,DR,RTGS/JIO/REF7484
TXN100423,USER_10022,2024-08-31,-3623.87,IMPS,DR,IMPS/JIO/REF2100
TXN100425,USER_10043,2024-03-25,56834.26,NEFT,CR,NEFT/EMI_CR/REF3623
TXN100010,USER_10038,2024-11-21,-3659.18,RTGS,DR,RTGS/UBER/REF7216
TXN100706,USER_10028,2024-03-25,-2596.98,NEFT,DR,NEFT/INDIAN_OIL/REF3461
TXN100419,USER_10006,2024-01-06,-1148.91,ATM,DR,ATM/MYNTRA/REF4621
TXN100279,USER_10023,2024-09-17,-4926.41,NEFT,DR,NEFT/BIGBASKET/REF9094
TXN100754,USER_10043,2024-03-30,-645.82,RTGS,DR,RTGS/MCD/REF6171
TXN101045,USER_10048,2024-04-25,-4494.77,CARD,DR,CARD/MCD/REF7929
TXN100209,USER_10014,2024-07-21,8834.74,IMPS,CR,
TXN101163,USER_10049,2024-11-25,-217.71,RTGS,DR,RTGS/AMAZON/REF8718
TXN101000,USER_10007,2024-04-18,51712.15,CARD,CR,CARD/REFUND/REF9791
TXN101850,USER_10038,2024-04-27,-2123.31,NEFT,DR,NEFT/DMART/REF9808
TXN101312,USER_10020,2024-08-09,33481.31,CARD,CR,CARD/SALARY_CR/REF9491
TXN101179,USER_10039,2024-08-18,30874.64,CARD,CR,CARD/EMI_CR/REF8506
TXN100432,USER_10022,2024-08-22,-4078.0,IMPS,DR,IMPS/PORTRONICS/REF2388
TXN100264,USER_10007,2024-07-07,-2030.11,RTGS,DR,RTGS/JIO/REF6554
TXN101454,USER_10002,2024-06-15,-1206.12,RTGS,DR,RTGS/DOMINOS/REF2333
TXN100636,USER_10002,2024-03-25,-4118.1,CARD,DR,CARD/MYNTRA/REF7704
TXN101233,USER_10019,2024-04-30,-282.89,IMPS,DR,IMPS/SWIGGY/REF5273
TXN100613,USER_10041,2024-04-28,-4887.59,RTGS,DR,RTGS/INDIAN_OIL/REF1820
TXN101558,USER_10028,2024-11-18,-4558.7,RTGS,DR,RTGS/AMAZON/REF7864
TXN100159,USER_10010,2024-02-07,-1760.55,IMPS,DR,IMPS/DMART/REF7951
TXN101695,USER_10043,2024-08-10,-1634.6,UPI,DR,UPI/OLA/REF9092
TXN100411,USER_10036,2024-04-12,-2750.86,ATM,DR,ATM/PHARMEASY/REF1440
TXN100380,USER_10048,2024-01-04,-4220.6,UPI,DR,UPI/BLR_METRO/REF3474
TXN100233,USER_10008,2024-10-31,-469.36,RTGS,DR,RTGS/BBPS/REF6381
TXN101434,USER_10049,2024-02-17,-4588.57,CARD,DR,CARD/TATA_POWER/REF2316
TXN100986,USER_10011,2024-11-26,-762.17,RTGS,DR,RTGS/AJIO/REF4578
TXN100338,USER_10019,2024-10-25,-106.61,IMPS,DR,IMPS/APOLLO_PHARMACY/REF4871
TXN100923,USER_10049,2024-08-13,-1399.64,IMPS,DR,IMPS/UBER/REF2875
TXN101448,USER_10048,2024-06-21,-1715.92,IMPS,DR,IMPS/PHARMEASY/REF6164
TXN100004,USER_10021,2024-05-22,-4788.2,UPI,DR,UPI/NETFLIX/REF2519
TXN100207,USER_10026,2024-05-19,-2586.11,RTGS,DR,RTGS/SPOTIFY/REF2816
TXN101692,USER_10000,2024-06-12,-3598.17,RTGS,DR,RTGS/OLA/REF6268
TXN100705,USER_10022,2024-09-06,INVALID,ATM,CR,ATM/SALARY_CR/REF3276
TXN101343,USER_10019,2024-08-21,-4056.96,NEFT,DR,NEFT/PHARMEASY/REF9633
TXN101814,USER_10045,2024-06-03,59614.59,CARD,CR,CARD/REFUND/REF5001
TXN100046,USER_10004,2024-10-02,-1362.74,UPI,DR,UPI/SPOTIFY/REF5002
TXN100015,USER_10037,2024-07-23,-4986.76,ATM,DR,ATM/BIGBASKET/REF9085
TXN101806,USER_10035,2024-09-03,-3840.12,NEFT,DR,NEFT/PORTRONICS/REF8040
TXN101130,USER_10022,2024-01-29,-1275.69,IMPS,DR,IMPS/APOLLO_PHARMACY/REF2391
TXN100760,USER_10024,2024-04-10,-4797.78,RTGS,DR,   
TXN101889,USER_10025,2024-08-14,1340.46,IMPS,DR,IMPS/ZOMATO/REF8954
TXN100507,USER_10043,2024-06-02,-4953.85,RTGS,DR,RTGS/SWIGGY/REF8408
TXN100208,USER_10018,2024-12-13,-2458.83,IMPS,DR,IMPS/PHARMEASY/REF1744
TXN101144,USER_10033,2024-04-12,-781.33,CARD,DR,CARD/BIGBASKET/REF5919
TXN100074,USER_10014,2024-04-11,-278.76,ATM,DR,ATM/DOMINOS/REF2193
TXN100327,USER_10041,2024-08-31,-1037.31,IMPS,DR,IMPS/BPCL/REF5676
TXN100729,USER_10013,2024-09-17,-1725.27,ATM,DR,ATM/BBPS/REF1852
TXN100226,USER_10036,2024-11-29,-3044.78,NEFT,DR,NEFT/MCD/REF2013
TXN101700,USER_10030,2024-02-18,34055.52,IMPS,CR,IMPS/REFUND/REF6196
TXN101521,USER_10044,2024-09-30,-1258.92,CARD,DR,CARD/MYNTRA/REF9652
TXN101123,USER_10020,2024-07-11,-228.11,ATM,DR,ATM/UBER/REF5965
TXN100219,USER_10015,2024-02-22,-1026.5,NEFT,DR,NEFT/RELIANCE_TRENDS/REF2234
TXN101839,USER_10004,2024-11-24,-1451.27,IMPS,DR,IMPS/SWIGGY/REF6902
TXN100782,USER_10000,2024-09-24,64356.25,IMPS,CR,IMPS/REFUND/REF8687
TXN100697,USER_10042,2024-05-02,61457.8,CARD,CR,
TXN100379,USER_10041,2024-01-31,-4203.39,CARD,DR,CARD/AMAZON/REF1794
TXN101860,USER_10046,2024-10-28,70563.5,NEFT,CR,NEFT/SALARY_CR/REF1127
TXN101061,USER_10022,2024-03-16,-2722.34,ATM,DR,ATM/UBER/REF5940
TXN100536,USER_10000,2024-05-15,-3481.22,IMPS,DR,IMPS/SPOTIFY/REF2770
TXN100520,USER_10010,2024-02-21,-1243.71,CARD,DR,CARD/BBPS/REF1916
TXN100856,USER_10011,2024-04-11,-2317.03,UPI,DR,UPI/PORTRONICS/REF1651
TXN101726,USER_10025,2024-02-21,-4129.14,IMPS,DR,IMPS/PORTRONICS/REF9112
TXN100083,USER_10014,2024-07-15,-3546.77,RTGS,DR,RTGS/AMAZON/REF7678
TXN100843,USER_10049,2024-08-08,-4624.48,UPI,DR,UPI/AMAZON/REF7776
TXN101251,USER_10028,2024-11-25,-2744.91,CARD,DR,CARD/RELIANCE_TRENDS/REF8244
TXN101997,USER_10038,2024-02-27,-231.23,null,DR,RTGS/MYNTRA/REF5073
TXN100360,USER_10015,2024-06-03,73998.69,NEFT,CR,NEFT/EMI_CR/REF7775
TXN101324,USER_10029,2024-07-15,-2169.12,ATM,DR,ATM/RELIANCE_TRENDS/REF2659
TXN100394,USER_10032,2024-06-26,-2213.59,IMPS,DR,IMPS/AMAZON/REF7499
TXN101990,USER_10032,2024-07-09,54841.64,IMPS,CR,IMPS/EMI_CR/REF2829
TXN101984,USER_10027,2024-02-17,-3287.52,NEFT,DR,NEFT/AIRTEL/REF5668
TXN101020,USER_10006,2024-01-27,17312.13,RTGS,CR,RTGS/SALARY_CR/REF9436
TXN100547,USER_10007,2024-06-06,37966.11,IMPS,CR,IMPS/EMI_CR/REF2493
TXN101334,USER_10037,2024-10-16,48127.22,IMPS,CR,IMPS/REFUND/REF3658
TXN101934,USER_10015,2024-10-13,3880.9,RTGS,DR,RTGS/PORTRONICS/REF6816
TXN100321,USER_10036,not_a_date,-4484.01,IMPS,DR,IMPS/TATA_POWER/REF3399
TXN100656,USER_10048,2024-10-28,-3036.77,CARD,DR,CARD/AJIO/REF4170
TXN100177,USER_10031,2024-11-11,-4760.03,CARD,DR,CARD/ZOMATO/REF7070
TXN101728,USER_10046,2024-01-02,-2541.04,ATM,DR,ATM/PORTRONICS/REF8811
TXN100584,USER_10025,2024-07-17,-2935.97,NEFT,DR,NEFT/DMART/REF6622
TXN100765,USER_10001,2024-07-29,-4343.47,NEFT,DR,NEFT/RELIANCE_TRENDS/REF9821
TXN101907,USER_10014,2024-10-22,32814.4,RTGS,CR,RTGS/SALARY_CR/REF7059
TXN101654,USER_10048,2024-06-20,INVALID,IMPS,DR,IMPS/AIRTEL/REF3898
TXN100091,USER_10021,2024-07-13,-4758.46,IMPS,DR,IMPS/AIRTEL/REF2341
TXN100932,USER_10014,2024-03-14,48185.95,RTGS,CR,
TXN101794,USER_10040,2024-07-11,44840.67,ATM,CR,ATM/SALARY_CR/REF5886
TXN100947,USER_10007,2024-05-24,21466.88,ATM,CR,ATM/EMI_CR/REF7459
TXN100540,USER_10016,2024-02-23,-892.02,NEFT,DR,NEFT/TATA_POWER/REF2228
TXN101746,USER_10018,2024-11-15,-854.9,IMPS,DR,IMPS/DOMINOS/REF2058
TXN100715,USER_10038,2024-10-29,-1922.15,UPI,DR,UPI/BIGBASKET/REF1271
TXN100700,USER_10016,2024-07-08,-3359.5,IMPS,DR,IMPS/MCD/REF7358
TXN101859,USER_10047,2024-08-11,-2411.67,CARD,DR,CARD/BIGBASKET/REF4005
TXN101375,USER_10014,2024-05-29,-396.4,IMPS,DR,IMPS/ZOMATO/REF9495
TXN100789,USER_10044,2024-11-14,-1637.19,UPI,DR,UPI/BIGBASKET/REF9764
TXN101806,USER_10035,2024-09-03,3840.12,NEFT,DR,NEFT/PORTRONICS/REF8040
TXN100968,USER_10038,2024-03-19,57693.29,RTGS,CR,RTGS/REFUND/REF4898
TXN101021,USER_10007,2024-02-06,55498.22,ATM,CR,ATM/EMI_CR/REF6340
TXN101538,USER_10006,2024-01-11,-1753.4,CARD,DR,CARD/SWIGGY/REF4874
TXN100624,USER_10042,2024-06-22,-3456.8,UPI,DR,UPI/RELIANCE_TRENDS/REF8091
TXN100495,USER_10048,2024-05-05,4665.37,NEFT,DR,NEFT/SWIGGY/REF9872
TXN100574,USER_10041,2024-04-25,-1381.96,ATM,DR,ATM/AIRTEL/REF1328
TXN100329,USER_10047,2024-01-20,17254.53,UPI,CR,UPI/SALARY_CR/REF7504
TXN100106,USER_10033,2024-04-07,3614.37,ATM,DR,ATM/DOMINOS/REF4937
TXN101165,USER_10044,2024-05-13,-1791.69,CARD,DR,CARD/RELIANCE_TRENDS/REF9973
TXN100024,USER_10004,2024-09-29,13987.4,ATM,CR,ATM/REFUND/REF3705
TXN100933,USER_10044,2024-12-06,-4310.92,RTGS,DR,
TXN100084,USER_10021,2024-10-04,-358.22,RTGS,DR,RTGS/AIRTEL/REF1320
TXN101754,USER_10016,2024-03-10,-1037.64,UPI,DR,UPI/BPCL/REF5871
TXN100445,USER_10047,2024-10-28,-4312.19,CARD,DR,CARD/RELIANCE_TRENDS/REF8015
TXN101333,USER_10042,2024-08-31,-4910.52,CARD,DR,CARD/RELIANCE_TRENDS/REF6425
TXN100436,USER_10031,2024-05-27,-1607.17,ATM,DR,ATM/JIO/REF1878
TXN100641,USER_10032,2024-03-31,-909.57,UPI,DR,UPI/BIGBASKET/REF7347
TXN100299,USER_10003,2024-01-26,-3007.72,CARD,DR,
TXN101247,USER_10020,2024-07-24,16502.73,RTGS,CR,RTGS/SALARY_CR/REF1607
TXN101327,USER_10036,2024-03-05,-1318.62,RTGS,DR,RTGS/AIRTEL/REF8284
TXN100944,USER_10012,2024-04-15,-1617.16,CARD,DR,CARD/DMART/REF5989
TXN100138,USER_10001,2024-11-18,-1234.52,IMPS,DR,IMPS/UBER/REF1224
TXN100992,USER_10000,2024-07-15,62258.37,UPI,CR,UPI/REFUND/REF9770
TXN100289,USER_10036,2024-01-22,6986.14,CARD,CR,CARD/SALARY_CR/REF5336
TXN101898,USER_10001,2024-04-27,-3455.95,IMPS,DR,IMPS/ZOMATO/REF3025
TXN101125,USER_10048,2099-12-31,-2478.24,CARD,DR,CARD/BBPS/REF9837
TXN100559,USER_10009,2024-03-16,-2934.25,UPI,DR,UPI/FLIPKART/REF2654
TXN100775,USER_10005,2024-12-01,32289.23,NEFT,CR,NEFT/SALARY_CR/REF5655
TXN100403,USER_10036,2024-09-23,-1934.62,IMPS,DR,IMPS/BIGBASKET/REF5933
TXN100534,USER_10031,2024-03-13,-435.14,IMPS,DR,IMPS/SPOTIFY/REF3750
TXN101286,USER_10026,2024-06-14,-4710.81,UPI,DR,UPI/FLIPKART/REF4318
TXN101678,USER_10010,2024-04-02,-4523.01,ATM,DR,ATM/PHARMEASY/REF1515
TXN100588,USER_10041,2024-02-15,-1155.47,RTGS,DR,RTGS/BPCL/REF6428
TXN101016,USER_10048,2024-10-03,-2347.87,CARD,DR,CARD/APOLLO_PHARMACY/REF4409
TXN101135,USER_10021,2024-09-11,-3836.27,NEFT,DR,NEFT/NETFLIX/REF5907
TXN101231,USER_10030,2024-03-23,-1448.16,UPI,DR,UPI/MYNTRA/REF8911
TXN100161,USER_10015,2024-07-14,-2895.32,IMPS,DR,IMPS/PORTRONICS/REF1359
TXN101902,USER_10012,2024-11-06,59934.02,ATM,CR,ATM/REFUND/REF1383
TXN100093,USER_10049,2024-11-29,203.6,NEFT,DR,NEFT/BLR_METRO/REF1333
TXN100532,USER_10008,2024-03-31,-4746.5,RTGS,DR,RTGS/DMART/REF1530
TXN101402,USER_10013,2024-02-24,909.43,CARD,DR,
TXN100101,USER_10045,2024-03-19,-3682.29,IMPS,DR,IMPS/APOLLO_PHARMACY/REF9817
TXN101948,USER_10021,not_a_date,27153.62,NEFT,CR,NEFT/EMI_CR/REF7000
TXN101950,USER_10004,2024-04-08,40106.8,IMPS,CR,IMPS/EMI_CR/REF2375
TXN101588,USER_10039,2024-06-19,-4620.43,UPI,DR,UPI/AMAZON/REF3475
TXN101785,USER_10011,2024-07-15,34403.93,UPI,CR,UPI/SALARY_CR/REF5103
TXN100675,USER_10024,2024-12-10,-79.2,ATM,DR,ATM/MYNTRA/REF2036
TXN101624,USER_10046,2024-11-07,-4654.62,RTGS,DR,RTGS/NETFLIX/REF3149
TXN101485,USER_10049,2024-08-25,50521.77,CARD,CR,CARD/REFUND/REF8292
TXN100491,USER_10036,2024-07-09,-3382.96,NEFT,DR,NEFT/ZOMATO/REF4656
TXN101065,USER_10036,2024-08-14,605.96,UPI,DR,UPI/DOMINOS/REF3284
TXN100366,USER_10024,2024-05-04,-1684.8,RTGS,DR,RTGS/AMAZON/REF7079
TXN101149,USER_10017,2024-03-10,-3958.87,CARD,DR,CARD/INDIAN_OIL/REF3883
TXN101732,USER_10038,2024-06-29,45821.12,NEFT,CR,NEFT/REFUND/REF8742
TXN100813,USER_10042,2024-02-04,-4692.11,UPI,DR,UPI/UBER/REF4310
TXN101034,USER_10031,2024-05-03,-3777.74,CARD,DR,CARD/PORTRONICS/REF7662
TXN101830,USER_10011,2024-08-15,-2227.55,UPI,DR,UPI/JIO/REF6877
TXN100668,USER_10032,2024-08-16,-1517.35,NEFT,DR,NEFT/APOLLO_PHARMACY/REF6248
TXN101074,USER_10009,2024-04-16,-4942.49,IMPS,DR,IMPS/MCD/REF2083
TXN101815,USER_10033,2024-05-16,-2730.02,UPI,DR,UPI/FLIPKART/REF6679
TXN101052,USER_10026,2024-08-15,-156.34,UPI,DR,UPI/OLA/REF1361
TXN101357,USER_10016,2024-11-26,-4512.31,ATM,DR,ATM/BPCL/REF9401
TXN100346,USER_10045,2024-10-25,-4499.5,UPI,DR,UPI/JIO/REF8429
TXN100067,USER_10023,2024-08-08,-3337.98,ATM,DR,ATM/NETFLIX/REF6143
TXN101807,USER_10044,2024-08-06,-622.14,ATM,DR,ATM/FLIPKART/REF7024
TXN100684,USER_10048,2024-10-08,-2770.84,CARD,DR,CARD/BPCL/REF2103
TXN100119,USER_10049,2024-09-24,-4547.1,ATM,DR,ATM/BPCL/REF8025
TXN101113,USER_10012,2024-06-22,-4227.95,UPI,DR,UPI/TATA_POWER/REF4815
TXN100802,USER_10023,2024-02-15,-2524.6,ATM,DR,ATM/PHARMEASY/REF6544
TXN101069,USER_10032,2024-07-20,-1622.9,ATM,DR,ATM/RELIANCE_TRENDS/REF1918
TXN100851,USER_10024,2024-10-25,41875.94,NEFT,CR,NEFT/REFUND/REF1984
TXN101968,USER_10010,2024-08-27,-3772.62,ATM,DR,ATM/JIO/REF8478
TXN100674,USER_10016,2024-07-27,-3169.58,IMPS,DR,IMPS/AIRTEL/REF1276
TXN101451,USER_10038,2024-03-03,24562.73,NEFT,CR,NEFT/EMI_CR/REF7036
TXN101027,USER_10017,2024-03-10,-2354.39,NEFT,DR,NEFT/AIRTEL/REF6629
TXN101109,USER_10043,2024-08-15,-2066.05,NEFT,DR,NEFT/AIRTEL/REF2140
TXN100618,USER_10029,2024-05-19,53293.17,RTGS,CR,RTGS/REFUND/REF3732
TXN101319,USER_10015,2024-02-07,48369.66,CARD,CR,CARD/SALARY_CR/REF8314
TXN100617,USER_10046,2024-02-17,-1746.48,RTGS,DR,RTGS/FLIPKART/REF7557
TXN101121,USER_10032,2024-05-13,-4056.93,ATM,DR,ATM/BBPS/REF1289
TXN101395,USER_10013,2024-08-14,-4190.68,CARD,DR,CARD/MCD/REF2684
TXN100102,USER_10049,2024-09-04,-4137.39,IMPS,DR,IMPS/DMART/REF6280
TXN100300,USER_10018,2024-10-01,-582.11,IMPS,DR,IMPS/BIGBASKET/REF6992
TXN100171,USER_10029,2024-07-07,-3378.09,RTGS,DR,RTGS/DMART/REF7086
TXN101773,USER_10025,2024-07-16,-581.31,RTGS,DR,RTGS/AIRTEL/REF3427
TXN100604,USER_10039,2024-01-25,-287.4,CARD,DR,CARD/FLIPKART/REF1323
TXN100184,USER_10008,2024-01-08,-3952.74,IMPS,DR,IMPS/DMART/REF1258
TXN101003,USER_10000,2024-03-29,4528.08,RTGS,DR,
TXN101981,USER_10022,2024-09-07,-4852.62,NEFT,DR,NEFT/SWIGGY/REF3918
TXN100110,USER_10044,2024-08-20,-1294.45,CARD,DR,CARD/FLIPKART/REF4155
TXN101180,USER_10005,2024-01-06,-4363.65,RTGS,DR,RTGS/PORTRONICS/REF4476
TXN100977,USER_10021,2024-12-12,-940.59,UPI,DR,UPI/BBPS/REF1138
TXN100319,USER_10019,2024-05-27,-3466.69,IMPS,DR,IMPS/DOMINOS/REF8861
TXN100956,USER_10002,2024-10-17,-1874.46,RTGS,DR,RTGS/DMART/REF2311
TXN101059,USER_10010,2024-05-01,-4969.18,NEFT,DR,NEFT/DMART/REF8223
TXN101851,USER_10015,2024-07-27,-3346.22,IMPS,DR,IMPS/RELIANCE_TRENDS/REF5700
TXN101595,USER_10030,2024-12-21,47122.02,IMPS,CR,IMPS/EMI_CR/REF3264
TXN101759,USER_10015,2024-10-24,-680.01,ATM,DR,ATM/BBPS/REF5806
TXN101716,USER_10039,2024-09-19,-2031.01,IMPS,DR,IMPS/AMAZON/REF7931
TXN100550,USER_10009,2024-12-22,-474.25,ATM,DR,ATM/SPOTIFY/REF7782
TXN100957,USER_10009,2024-09-26,73856.79,RTGS,CR,RTGS/REFUND/REF9469
TXN101995,USER_10021,2024-12-11,-4104.89,IMPS,DR,
TXN101050,USER_10017,2024-02-27,-2506.83,ATM,DR,ATM/OLA/REF1371
TXN100031,USER_10030,2024-07-27,-529.81,IMPS,DR,IMPS/AIRTEL/REF7939
TXN100455,USER_10013,2024-08-07,39630.05,IMPS,CR,IMPS/REFUND/REF6533
TXN100838,USER_10048,2024-10-31,-495.91,IMPS,DR,IMPS/AIRTEL/REF7460
TXN101793,USER_10022,2024-11-12,64739.51,RTGS,CR,RTGS/SALARY_CR/REF8004
TXN101966,USER_10020,2024-12-25,-1826.48,NEFT,DR,NEFT/SWIGGY/REF7904
TXN101279,USER_10007,2024-12-03,17582.04,IMPS,CR,IMPS/SALARY_CR/REF4371
TXN100993,USER_10022,2024-06-19,-2033.04,CARD,DR,CARD/APOLLO_PHARMACY/REF2485
TXN100790,USER_10001,2024-04-05,24748.02,CARD,CR,CARD/SALARY_CR/REF8183
TXN101478,USER_10029,2024-12-01,-730.93,RTGS,DR,RTGS/PORTRONICS/REF5769
TXN100866,USER_10011,2024-06-11,15186.6,IMPS,CR,
TXN100723,USER_10007,2024-09-23,-3290.0,IMPS,DR,IMPS/PORTRONICS/REF7698
TXN100451,USER_10031,2024-03-13,-1380.15,RTGS,DR,RTGS/AIRTEL/REF8405
TXN100912,USER_10009,2024-05-23,28740.67,CARD,CR,CARD/REFUND/REF9753
TXN101314,USER_10017,2024-08-03,-1615.4,NEFT,DR,NEFT/TATA_POWER/REF6483
TXN100587,USER_10006,2024-08-29,-1330.33,NEFT,DR,NEFT/BBPS/REF6499
TXN101015,USER_10035,2024-04-30,-4933.69,ATM,DR,
TXN101389,USER_10021,2024-07-23,32767.2,IMPS,CR,IMPS/SALARY_CR/REF2878
TXN100158,USER_10042,2024-01-05,37567.73,CARD,CR,CARD/REFUND/REF9955
TXN101466,USER_10047,2024-02-29,-680.72,RTGS,DR,RTGS/NETFLIX/REF1027
TXN101330,USER_10030,2024-06-07,-1490.77,ATM,DR,ATM/SWIGGY/REF3369
TXN101129,USER_10048,2024-11-16,-531.88,IMPS,DR,IMPS/SPOTIFY/REF7749
TXN100099,USER_10022,2024-09-29,-1884.33,CARD,DR,CARD/MCD/REF6590
TXN101620,USER_10008,2024-12-25,-1690.03,ATM,DR,ATM/MYNTRA/REF2654
TXN101284,USER_10009,2024-06-06,52502.6,ATM,CR,ATM/SALARY_CR/REF6329
TXN100223,USER_10022,2024-09-16,-2335.63,UPI,DR,UPI/ZOMATO/REF7041
TXN100548,USER_10041,2024-10-05,-1886.55,IMPS,DR,IMPS/TATA_POWER/REF4056
TXN100186,USER_10030,2024-08-17,40926.66,RTGS,CR,RTGS/SALARY_CR/REF9254
TXN100510,USER_10037,2024-10-27,-4073.1,UPI,DR,UPI/SWIGGY/REF4239
TXN101194,USER_10049,2024-10-19,-4606.05,RTGS,DR,RTGS/BLR_METRO/REF2545
TXN100651,USER_10009,2024-02-01,-1510.95,ATM,DR,ATM/AJIO/REF1529
TXN101452,USER_10028,2024-11-12,-4355.77,RTGS,DR,RTGS/MCD/REF4079
TXN100176,USER_10026,2024-10-27,-814.89,CARD,DR,CARD/AIRTEL/REF2622
TXN101551,USER_10019,2024-02-27,-117.62,NEFT,DR,NEFT/BBPS/REF6426
TXN100071,USER_10018,2024-04-17,-2920.92,IMPS,DR,IMPS/APOLLO_PHARMACY/REF8618
TXN100879,USER_10018,2024-08-13,-1557.54,RTGS,DR,RTGS/BPCL/REF3727
TXN100383,USER_10033,2024-05-20,-1469.11,CARD,DR,CARD/MCD/REF8054
TXN100576,USER_10014,2024-05-09,-4717.87,CARD,DR,CARD/PORTRONICS/REF5511
TXN100581,USER_10041,2024-12-30,50602.65,NEFT,CR,NEFT/SALARY_CR/REF9475
TXN101993,USER_10039,2024-08-20,-2350.58,UPI,DR,UPI/ZOMATO/REF9021
TXN101666,USER_10040,2024-07-18,17160.21,ATM,CR,ATM/REFUND/REF3595
TXN100028,USER_10037,2024-04-22,3553.81,NEFT,DR,NEFT/ZOMATO/REF2104
TXN100313,USER_10001,2024-08-13,-799.58,NEFT,DR,NEFT/PORTRONICS/REF7723
TXN101133,USER_10017,2024-01-11,-2960.55,RTGS,DR,RTGS/NETFLIX/REF7394
TXN101841,USER_10010,2024-07-07,-4655.03,UPI,DR,UPI/DMART/REF2740
TXN100009,USER_10022,2024-04-17,-3524.01,CARD,DR,CARD/PHARMEASY/REF2169
TXN101424,USER_10009,2024-10-10,-1323.59,IMPS,DR,IMPS/JIO/REF8431
TXN100003,USER_10026,2024-04-22,-1427.04,NEFT,DR,NEFT/SWIGGY/REF7924
TXN101943,USER_10017,2024-11-16,-2882.3,CARD,DR,CARD/SWIGGY/REF8713
TXN100195,USER_10043,2024-08-30,-4167.27,RTGS,DR,RTGS/AMAZON/REF2582
TXN101603,USER_10024,2024-01-14,-2152.31,CARD,DR,CARD/ZOMATO/REF2736
TXN101378,USER_10013,2024-06-07,-3562.87,NEFT,DR,NEFT/DOMINOS/REF6084
TXN100124,USER_10016,2024-11-16,-4029.33,RTGS,DR,RTGS/OLA/REF2880
TXN100041,USER_10003,2024-09-17,-969.83,UPI,DR,UPI/RELIANCE_TRENDS/REF4853
TXN100527,USER_10009,2024-10-27,-751.18,ATM,DR,ATM/FLIPKART/REF6978
TXN101060,USER_10016,2024-07-08,-2834.31,CARD,DR,CARD/ZOMATO/REF6192
TXN101823,USER_10016,2024-10-29,-185.36,ATM,DR,ATM/MYNTRA/REF8111
TXN101795,USER_10006,2024-03-01,-304.82,IMPS,DR,IMPS/BBPS/REF1369
TXN100167,USER_10011,2024-04-12,-2720.07,ATM,DR,ATM/SPOTIFY/REF9221
TXN100719,USER_10033,2024-08-03,-265.02,RTGS,DR,RTGS/MCD/REF4759
TXN100464,USER_10044,2024-03-08,-1183.29,CARD,DR,CARD/AMAZON/REF2678
TXN101762,USER_10038,2024-02-19,44581.04,IMPS,CR,IMPS/EMI_CR/REF1997
TXN101465,USER_10016,2024-02-29,-601.34,CARD,DR,CARD/NETFLIX/REF4082
TXN101903,USER_10019,2024-05-20,-543.41,ATM,DR,ATM/APOLLO_PHARMACY/REF8723
TXN101878,USER_10016,2024-08-28,-4078.65,RTGS,DR,RTGS/MYNTRA/REF5630
TXN101183,USER_10000,2024-05-09,-1935.64,CARD,DR,CARD/TATA_POWER/REF7076
TXN101223,USER_10021,2024-01-05,-4245.77,RTGS,DR,RTGS/AIRTEL/REF9121
TXN101093,USER_10044,2024-07-04,-2237.59,ATM,DR,ATM/RELIANCE_TRENDS/REF6604
TXN100881,USER_10041,2024-08-19,-2528.26,ATM,DR,ATM/UBER/REF9952
TXN101642,USER_10017,not_a_date,-463.78,IMPS,DR,IMPS/AMAZON/REF7636
TXN101724,USER_10007,2024-01-28,45266.14,UPI,CR,UPI/SALARY_CR/REF9718
TXN101345,USER_10012,2024-09-29,-1902.56,RTGS,DR,RTGS/RELIANCE_TRENDS/REF5006
TXN100196,USER_10047,2024-07-09,43945.95,ATM,CR,ATM/EMI_CR/REF6400
TXN100374,USER_10026,2024-01-24,-1145.31,UPI,DR,
TXN100200,USER_10048,2024-05-22,-4045.75,ATM,DR,ATM/BBPS/REF1430
TXN100283,USER_10028,2024-08-26,-1755.35,ATM,DR,ATM/AJIO/REF3981
TXN100971,USER_10025,2024-08-31,-3743.45,ATM,DR,ATM/AJIO/REF4828
TXN100780,USER_10040,2024-11-23,-4549.17,ATM,DR,ATM/DOMINOS/REF4721
TXN101591,USER_10031,2024-12-04,-1363.73,UPI,DR,UPI/PORTRONICS/REF1035
TXN100793,USER_10021,2024-02-11,71615.08,IMPS,CR,IMPS/SALARY_CR/REF7429
TXN101605,USER_10023,2024-03-13,-431.47,RTGS,DR,RTGS/DMART/REF3452
TXN100192,USER_10038,2024-08-08,-3523.81,CARD,DR,CARD/APOLLO_PHARMACY/REF4522
TXN101222,USER_10001,2024-08-18,-1046.63,RTGS,DR,RTGS/DMART/REF1834
TXN101597,USER_10034,2024-10-01,31923.91,CARD,CR,CARD/EMI_CR/REF7911
TXN101862,USER_10011,2024-09-17,-1432.53,UPI,DR,UPI/AJIO/REF4805
TXN101290,USER_10015,2024-10-11,-671.58,RTGS,DR,RTGS/DMART/REF8306
TXN100060,USER_10012,2024-08-23,-4111.66,NEFT,DR,NEFT/BLR_METRO/REF1387
TXN101614,USER_10003,2024-07-09,-1013.92,UPI,DR,UPI/FLIPKART/REF2274
TXN100367,USER_10005,2024-10-01,-992.88,RTGS,DR,RTGS/INDIAN_OIL/REF1647
TXN101687,USER_10020,2024-11-14,-1946.08,ATM,DR,ATM/OLA/REF6782
TXN100398,USER_10009,2024-07-13,-3187.81,RTGS,DR,RTGS/MYNTRA/REF6188
TXN100330,USER_10031,2024-04-05,72349.2,UPI,CR,UPI/REFUND/REF1151
TXN101921,USER_10038,2024-05-08,-1092.55,CARD,DR,CARD/NETFLIX/REF3217
TXN101097,USER_10002,2024-04-10,-3975.62,ATM,DR,ATM/MCD/REF1971
TXN100145,USER_10029,2024-06-13,73654.22,ATM,CR,ATM/SALARY_CR/REF7274
TXN100245,USER_10007,2024-05-25,-843.55,ATM,DR,ATM/JIO/REF3414
TXN101686,USER_10010,2024-04-15,39148.23,RTGS,CR,RTGS/REFUND/REF5451
TXN101110,USER_10030,2024-12-13,-113.29,RTGS,DR,RTGS/PHARMEASY/REF2723
TXN101892,USER_10008,2024-11-05,-4753.88,RTGS,DR,RTGS/SWIGGY/REF2478
TXN100644,USER_10026,2024-11-04,-3754.71,CARD,DR,CARD/BPCL/REF9975
TXN101592,USER_10009,2024-12-01,-781.51,CARD,DR,CARD/JIO/REF8838
TXN100833,USER_10038,2024-11-24,-3667.41,RTGS,DR,RTGS/DMART/REF2285
TXN101301,USER_10026,not_a_date,54230.98,ATM,CR,ATM/REFUND/REF2329
TXN100476,USER_10000,2024-05-14,-4616.77,ATM,DR,
TXN101800,USER_10048,2024-01-31,-2758.08,IMPS,DR,IMPS/MYNTRA/REF2021
TXN100623,USER_10000,2024-12-26,41737.25,ATM,CR,ATM/EMI_CR/REF4669
TXN101662,USER_10019,2024-07-31,-70.58,UPI,DR,
TXN101484,USER_10041,2024-07-11,74381.48,CARD,CR,CARD/EMI_CR/REF2468
TXN101973,USER_10012,2024-10-17,14092.36,UPI,CR,UPI/REFUND/REF2481
TXN101858,USER_10046,2024-01-24,-4607.58,RTGS,DR,RTGS/JIO/REF8368
TXN100273,USER_10048,2024-02-09,-2670.83,IMPS,DR,IMPS/TATA_POWER/REF5566
TXN101809,USER_10037,2024-01-06,-3750.0,ATM,DR,ATM/BBPS/REF1750
TXN101005,USER_10004,2024-04-13,-4067.03,CARD,DR,CARD/MYNTRA/REF7586
TXN100056,USER_10043,2024-05-07,-1800.71,RTGS,DR,RTGS/BBPS/REF3532
TXN100516,USER_10017,2024-07-15,-1037.32,NEFT,DR,NEFT/MCD/REF9907
TXN101360,USER_10016,2024-06-03,-3853.99,NEFT,DR,NEFT/INDIAN_OIL/REF3258
TXN101661,USER_10000,2024-07-10,40529.26,CARD,CR,CARD/REFUND/REF5333
TXN100725,USER_10027,2024-10-16,-1414.02,RTGS,DR,RTGS/PHARMEASY/REF4337
TXN100130,USER_10048,2024-12-10,45337.29,RTGS,CR,RTGS/SALARY_CR/REF9502
TXN100302,USER_10023,2024-10-10,-1962.43,ATM,DR,ATM/JIO/REF5582
TXN100976,USER_10029,2024-12-11,-3684.85,NEFT,DR,NEFT/DMART/REF9518
TXN101261,USER_10049,2024-07-03,-775.44,RTGS,DR,RTGS/AIRTEL/REF2342
TXN100117,USER_10025,2024-09-08,-3165.76,NEFT,DR,NEFT/ZOMATO/REF3444
TXN100918,USER_10049,2024-02-20,70661.67,NEFT,CR,
TXN100045,USER_10029,2024-06-10,70501.4,RTGS,CR,RTGS/SALARY_CR/REF2638
TXN100350,USER_10002,2024-05-26,-3856.41,CARD,DR,CARD/AJIO/REF7887
TXN100132,USER_10005,2024-08-28,1699.88,UPI,DR,UPI/PHARMEASY/REF3634
TXN101869,USER_10038,2024-01-21,42788.08,UPI,CR,UPI/SALARY_CR/REF9001
TXN101366,USER_10013,2024-08-12,-2814.31,NEFT,DR,NEFT/SPOTIFY/REF3102
TXN101203,USER_10022,2024-12-06,-1868.91,RTGS,DR,RTGS/OLA/REF8298
TXN100942,USER_10031,2024-11-26,-498.14,ATM,DR,ATM/BIGBASKET/REF1003
TXN100108,USER_10014,2024-07-26,-1565.72,IMPS,DR,IMPS/DMART/REF8753
TXN101808,USER_10022,2024-04-09,-4594.44,NEFT,DR,NEFT/BLR_METRO/REF2507
TXN100952,USER_10005,2024-03-11,-2108.48,CARD,DR,CARD/JIO/REF7974
TXN100458,USER_10028,2024-08-21,-4792.26,CARD,DR,CARD/OLA/REF3161
TXN101341,USER_10021,2024-10-10,-1020.14,IMPS,DR,IMPS/UBER/REF2657
TXN101218,USER_10019,2024-02-14,-118.69,UPI,DR,UPI/FLIPKART/REF4083
TXN100214,USER_10045,2024-11-23,-620.11,IMPS,DR,IMPS/SWIGGY/REF3815
TXN101887,USER_10038,2024-07-29,-193.36,ATM,DR,ATM/INDIAN_OIL/REF4524
TXN101096,USER_10027,2024-12-19,12820.55,RTGS,CR,RTGS/SALARY_CR/REF8065
TXN101573,USER_10014,2024-06-15,-2929.24,RTGS,DR,
TXN101039,USER_10044,2024-06-19,-1518.12,IMPS,DR,IMPS/AJIO/REF9887
TXN101757,USER_10029,2024-06-30,-2131.5,RTGS,DR,RTGS/AIRTEL/REF1453
TXN100263,USER_10018,2024-07-01,8346.28,IMPS,CR,IMPS/EMI_CR/REF5476
TXN101189,USER_10003,2024-04-06,-1187.81,RTGS,DR,RTGS/ZOMATO/REF5263
TXN100505,USER_10043,2099-12-31,53781.46,NEFT,CR,NEFT/SALARY_CR/REF6370
TXN100658,USER_10007,2024-07-12,-1431.61,NEFT,DR,NEFT/INDIAN_OIL/REF3636
TXN101568,USER_10000,2024-11-28,-3045.54,IMPS,DR,IMPS/SPOTIFY/REF2363
TXN100157,USER_10031,2024-10-25,-2332.69,RTGS,DR,RTGS/INDIAN_OIL/REF5183
TXN100731,USER_10038,not_a_date,-1352.31,UPI,DR,UPI/SPOTIFY/REF1618
TXN101740,USER_10023,2024-04-15,-1009.52,CARD,DR,CARD/TATA_POWER/REF2768
TXN100655,USER_10000,2024-05-08,-4350.81,NEFT,DR,NEFT/JIO/REF7025
TXN100480,USER_10019,2024-12-23,-4769.47,UPI,DR,UPI/BLR_METRO/REF5005
TXN100746,USER_10015,nil,-3384.8,UPI,DR,UPI/NETFLIX/REF3924
TXN100758,USER_10044,2024-07-09,-2032.93,NEFT,DR,NEFT/JIO/REF3148
TXN100883,USER_10029,2024-02-16,-3474.0,NEFT,DR,NEFT/PORTRONICS/REF3024
TXN101756,USER_10033,2024-08-14,-2543.89,CARD,DR,CARD/PHARMEASY/REF6858
TXN100745,USER_10020,2024-07-30,41155.3,CARD,CR,CARD/SALARY_CR/REF5314
TXN100535,USER_10040,2024-02-15,51901.72,IMPS,CR,IMPS/EMI_CR/REF8317
TXN100792,USER_10026,2024-06-08,39887.7,RTGS,CR,RTGS/REFUND/REF1519
TXN100818,USER_10039,2024-05-16,3684.79,UPI,DR,UPI/BPCL/REF4537
TXN101278,USER_10036,2024-01-28,41522.77,ATM,CR,ATM/REFUND/REF1305
TXN101288,USER_10007,2024-05-17,-2350.88,UPI,DR,UPI/AIRTEL/REF8932
TXN101245,USER_10029,2024-09-21,30324.21,RTGS,CR,RTGS/SALARY_CR/REF3385
TXN100393,USER_10021,2024-07-15,14796.54,CARD,CR,CARD/EMI_CR/REF2284
TXN101128,USER_10020,2024-02-01,-273.34,IMPS,DR,IMPS/SPOTIFY/REF1440
TXN101139,USER_10030,2024-08-06,-3988.48,IMPS,DR,
TXN100848,USER_10000,2099-12-31,-600.83,RTGS,DR,RTGS/JIO/REF1372
TXN101709,USER_10042,2024-03-03,-1240.59,CARD,DR,CARD/DOMINOS/REF9029
TXN100989,USER_10009,2024-11-30,-4667.82,RTGS,DR,RTGS/PHARMEASY/REF5365
TXN100042,USER_10025,2024-03-02,44877.28,ATM,CR,ATM/EMI_CR/REF1651
TXN100499,USER_10044,2024-07-09,-3752.1,UPI,DR,UPI/DMART/REF9280
TXN101397,USER_10049,2024-04-13,31225.13,NEFT,CR,NULL
TXN100025,USER_10016,2024-09-27,34619.66,ATM,CR,ATM/SALARY_CR/REF4295
TXN101510,USER_10003,2024-03-28,-3771.77,IMPS,DR,IMPS/UBER/REF9711
TXN101252,USER_10044,2024-06-25,59709.42,NEFT,CR,NEFT/REFUND/REF5940
TXN101260,USER_10045,2024-07-12,-1275.78,ATM,DR,ATM/NETFLIX/REF4154
TXN100462,USER_10045,2024-02-18,-2410.19,ATM,DR,ATM/BIGBASKET/REF4705
TXN101909,USER_10006,2024-10-14,-4330.9,ATM,DR,ATM/DOMINOS/REF5095
TXN100448,USER_10036,2024-05-16,41009.05,UPI,CR,UPI/EMI_CR/REF3221
TXN100459,USER_10041,2024-06-03,-4666.99,UPI,DR,UPI/INDIAN_OIL/REF6905
TXN101955,USER_10037,2024-11-16,58670.58,NEFT,CR,NEFT/SALARY_CR/REF7136
TXN101886,USER_10042,not_a_date,-2020.54,RTGS,DR,RTGS/BIGBASKET/REF9014
TXN100560,USER_10018,2024-10-01,66452.55,RTGS,CR,RTGS/REFUND/REF8955
TXN100317,USER_10022,2024-12-12,55464.72,CARD,CR,CARD/EMI_CR/REF5331
TXN101122,USER_10048,2024-01-17,66608.8,RTGS,CR,RTGS/SALARY_CR/REF8374
TXN100503,USER_10009,2024-02-24,-2356.97,UPI,DR,UPI/AIRTEL/REF9780
TXN101328,USER_10011,2024-05-04,-268.15,IMPS,DR,IMPS/BIGBASKET/REF8140
TXN100906,USER_10032,2024-10-08,-80.35,IMPS,DR,IMPS/PHARMEASY/REF6592
TXN101317,USER_10001,2024-09-02,-168.92,IMPS,DR,IMPS/APOLLO_PHARMACY/REF5102
TXN100663,USER_10034,2024-07-25,-1144.93,CARD,DR,CARD/OLA/REF6437
TXN101813,USER_10034,2024-04-15,-3689.33,NEFT,DR,NEFT/SPOTIFY/REF8266
TXN101167,USER_10040,2024-08-15,14526.46,NEFT,CR,NEFT/REFUND/REF6006
TXN101784,USER_10048,2024-04-28,61598.88,NEFT,CR,NEFT/EMI_CR/REF2727
TXN101285,USER_10011,2024-01-14,-1525.22,IMPS,DR,IMPS/FLIPKART/REF3334
TXN101506,USER_10026,2024-02-03,-490.42,IMPS,DR,IMPS/NETFLIX/REF3397
TXN100272,USER_10036,2024-01-17,-3411.36,IMPS,DR,IMPS/SPOTIFY/REF8273
TXN101527,USER_10002,2024-08-25,64384.62,IMPS,CR,IMPS/SALARY_CR/REF1096
TXN101428,USER_10031,2024-06-06,-2962.13,UPI,DR,UPI/AIRTEL/REF3039
TXN101420,USER_10027,2024-03-31,-1550.35,RTGS,DR,RTGS/DMART/REF4299
TXN100696,USER_10008,not_a_date,-498.24,ATM,DR,ATM/SPOTIFY/REF1173
TXN100298,USER_10001,2024-02-16,40381.11,NEFT,CR,NEFT/SALARY_CR/REF6781
TXN100539,USER_10010,2099-12-31,-4236.52,UPI,DR,UPI/BPCL/REF6221
TXN100828,USER_10020,2024-01-12,71034.35,ATM,CR,ATM/REFUND/REF9376
TXN101958,USER_10008,2024-10-16,-1168.5,IMPS,DR,IMPS/OLA/REF4264
TXN100191,USER_10045,2024-06-15,-3007.09,RTGS,DR,RTGS/BPCL/REF9282
TXN101429,USER_10024,2024-10-16,-3826.61,CARD,DR,CARD/INDIAN_OIL/REF6711
TXN100155,USER_10023,2024-08-08,-2679.27,CARD,DR,CARD/DMART/REF3950
TXN100815,USER_10033,2024-11-15,-1316.9,NEFT,DR,NEFT/SPOTIFY/REF2161
TXN100364,USER_10048,2024-10-02,-4254.24,CARD,DR,CARD/BPCL/REF3365
TXN101976,USER_10015,2024-04-14,-3634.47,CARD,DR,CARD/BIGBASKET/REF7131
TXN101977,USER_10000,2024-09-01,-544.57,CARD,DR,CARD/BBPS/REF7456
TXN100606,USER_10030,2024-12-25,3491.2,UPI,DR,UPI/APOLLO_PHARMACY/REF5933
TXN101147,USER_10025,2024-05-02,-999.98,IMPS,DR,IMPS/BLR_METRO/REF8604
TXN101036,USER_10042,2024-06-05,-2323.45,CARD,DR,CARD/DMART/REF1399
TXN100635,USER_10022,2024-11-20,25438.85,IMPS,CR,IMPS/EMI_CR/REF2741
TXN101191,USER_10022,2024-12-29,-2315.91,CARD,DR,CARD/FLIPKART/REF3425
TXN100388,USER_10044,2024-03-28,-4234.38,IMPS,DR,IMPS/APOLLO_PHARMACY/REF2562
TXN100228,USER_10041,2024-03-29,-3552.73,ATM,DR,ATM/JIO/REF9564
TXN101857,USER_10044,2024-10-12,-1502.29,IMPS,DR,IMPS/NETFLIX/REF2765
TXN101559,USER_10033,2024-09-14,16685.46,CARD,CR,CARD/REFUND/REF3112
TXN100345,USER_10009,2024-03-25,-2625.69,CARD,DR,CARD/FLIPKART/REF4365
TXN101370,USER_10021,2024-10-17,-3034.86,ATM,DR,ATM/RELIANCE_TRENDS/REF7404
TXN100740,USER_10016,2024-03-30,-577.0,ATM,DR,ATM/AMAZON/REF5821
TXN100896,USER_10023,2024-07-13,58090.94,UPI,CR,UPI/EMI_CR/REF5797
TXN101472,USER_10040,2024-04-20,-3535.5,UPI,DR,UPI/TATA_POWER/REF6458
TXN100718,USER_10005,2024-09-03,-4514.82,UPI,DR,
TXN101293,USER_10000,2024-08-25,48451.09,NEFT,CR,NEFT/EMI_CR/REF1008
TXN100542,USER_10027,2024-11-30,-4454.28,UPI,DR,
TXN101401,USER_10039,2024-04-16,32654.47,UPI,CR,UPI/REFUND/REF4807
TXN101782,USER_10037,2024-11-12,9729.9,CARD,CR,CARD/SALARY_CR/REF3607
TXN101471,USER_10038,2024-06-12,-4952.16,IMPS,DR,IMPS/FLIPKART/REF8836
TXN101608,USER_10018,2024-02-26,-4411.73,ATM,DR,ATM/ZOMATO/REF3843
TXN100881,USER_10041,2024-08-19,-2528.26,ATM,DR,
TXN100831,USER_10019,2024-02-17,-2866.87,CARD,DR,CARD/OLA/REF2264
TXN101680,USER_10000,2024-03-22,INVALID,NEFT,DR,NEFT/FLIPKART/REF1484
TXN101593,USER_10004,2024-02-27,-4799.95,NEFT,DR,NEFT/INDIAN_OIL/REF2481
TXN101606,USER_10048,2024-04-03,INVALID,CARD,DR,CARD/MCD/REF5907
TXN101684,USER_10029,2024-09-10,-4734.41,IMPS,DR,IMPS/OLA/REF3833
TXN101875,USER_10045,2024-12-18,4627.41,UPI,DR,UPI/AIRTEL/REF9540
TXN101102,USER_10036,2024-02-04,-2911.76,ATM,DR,ATM/SWIGGY/REF4555
TXN100720,USER_10030,2024-07-14,-4032.87,CARD,DR,CARD/AJIO/REF2600
TXN101835,USER_10043,2024-09-16,45592.35,ATM,CR,ATM/SALARY_CR/REF4734
TXN100182,USER_10014,2024-06-17,60205.06,UPI,CR,UPI/EMI_CR/REF5542
TXN101023,USER_10014,2024-02-20,2092.35,RTGS,DR,RTGS/OLA/REF4615
TXN100352,USER_10043,2024-12-04,14309.29,UPI,CR,UPI/REFUND/REF3924
TXN101739,USER_10042,2024-03-13,-202.98,CARD,DR,CARD/DMART/REF8056
TXN100821,USER_10047,2024-02-24,45359.46,RTGS,CR,RTGS/EMI_CR/REF7997
TXN101391,USER_10005,2024-10-07,3582.23,NEFT,DR,NEFT/JIO/REF8713
TXN101120,USER_10049,2024-09-09,19135.22,RTGS,CR,RTGS/EMI_CR/REF9032
TXN101828,USER_10021,2024-10-19,-3096.96,IMPS,DR,IMPS/SPOTIFY/REF5104
TXN100428,USER_10028,2024-10-30,-72.03,NEFT,DR,NEFT/OLA/REF5560
TXN101373,USER_10006,2024-12-11,-208.69,ATM,DR,ATM/PORTRONICS/REF9005
TXN101460,USER_10045,2024-01-15,-4648.39,IMPS,DR,
TXN100938,USER_10004,2024-06-23,-3485.6,RTGS,DR,RTGS/AIRTEL/REF6606
TXN101924,USER_10012,2024-12-21,-2320.04,UPI,DR,UPI/FLIPKART/REF8679
TXN100097,USER_10025,2024-04-11,3468.54,NEFT,DR,NEFT/APOLLO_PHARMACY/REF2669
TXN101882,USER_10040,2024-06-27,-3301.86,IMPS,DR,IMPS/UBER/REF4799
TXN100566,USER_10012,2024-08-14,-4128.65,RTGS,DR,RTGS/MYNTRA/REF9462
TXN101364,USER_10030,2024-04-29,-3940.57,RTGS,DR,RTGS/AJIO/REF8559
TXN100721,USER_10027,2024-03-09,-3841.0,IMPS,DR,IMPS/AMAZON/REF9908
TXN101489,USER_10036,2024-03-05,-364.32,NEFT,DR,
TXN100734,USER_10028,2024-01-06,-3301.58,IMPS,DR,IMPS/MCD/REF4190
TXN100519,USER_10001,2024-05-23,-4958.08,IMPS,DR,IMPS/MCD/REF4813
TXN101672,USER_10041,2024-04-23,-2700.32,CARD,DR,CARD/BLR_METRO/REF7194
TXN101742,USER_10016,2024-12-13,-1689.42,RTGS,DR,RTGS/DMART/REF5526
TXN100844,USER_10027,2024-07-06,-1637.65,CARD,DR,CARD/RELIANCE_TRENDS/REF1396
TXN100598,USER_10014,2024-12-21,26846.46,RTGS,CR,RTGS/SALARY_CR/REF9246
TXN100202,USER_10021,2024-06-28,-4355.82,CARD,DR,CARD/DMART/REF7566
TXN101409,USER_10040,2024-04-29,-3537.91,NEFT,DR,
TXN100049,USER_10016,2024-02-29,56969.17,IMPS,CR,
TXN100370,USER_10047,2024-03-01,-3783.94,CARD,DR,CARD/BLR_METRO/REF4350
TXN101161,USER_10034,2024-05-01,32192.97,IMPS,CR,IMPS/REFUND/REF5929
TXN100442,USER_10034,2024-01-22,35895.66,RTGS,CR,RTGS/SALARY_CR/REF2677
TXN101715,USER_10032,2024-02-24,20314.94,RTGS,CR,RTGS/REFUND/REF8412
TXN100884,USER_10005,2024-02-28,-3188.66,ATM,DR,ATM/AMAZON/REF7292
TXN100816,USER_10000,2024-04-16,-4645.6,RTGS,DR,RTGS/AMAZON/REF1994
TXN100076,USER_10031,2024-07-23,-3297.49,UPI,DR,UPI/SWIGGY/REF7965
TXN101316,USER_10004,2024-05-07,-1679.66,CARD,DR,CARD/AMAZON/REF2584
TXN101174,USER_10009,2024-02-15,16908.6,UPI,CR,UPI/EMI_CR/REF1231
TXN101874,USER_10032,2024-06-20,-3171.59,CARD,DR,CARD/MCD/REF2213
TXN101569,USER_10045,2024-10-08,-711.38,IMPS,DR,IMPS/RELIANCE_TRENDS/REF6318
TXN101444,USER_10018,2024-02-13,-1419.97,UPI,DR,UPI/NETFLIX/REF4846
TXN100081,USER_10049,2024-09-23,-1234.27,UPI,DR,UPI/JIO/REF5681
TXN100806,USER_10002,2024-09-05,-2817.17,CARD,DR,
TXN101307,?,2024-12-26,-1084.98,CARD,DR,CARD/OLA/REF7489
TXN101866,USER_10022,2024-05-25,-1474.82,RTGS,DR,RTGS/DOMINOS/REF4664
TXN101188,USER_10027,2024-03-25,-4973.1,NEFT,DR,NEFT/AJIO/REF8208
TXN101663,USER_10001,2024-03-19,63853.87,CARD,CR,CARD/EMI_CR/REF6201
TXN100488,USER_10014,2024-09-17,-4300.51,NEFT,DR,NEFT/SWIGGY/REF1753
TXN101734,USER_10032,2024-03-26,59267.96,IMPS,CR,IMPS/SALARY_CR/REF6499
TXN101537,USER_10048,not_a_date,-4621.63,NEFT,DR,NEFT/TATA_POWER/REF2797
TXN101796,USER_10014,2024-05-28,22596.73,IMPS,CR,IMPS/EMI_CR/REF2113
TXN100201,USER_10038,2024-12-02,23721.34,IMPS,CR,IMPS/SALARY_CR/REF6062
TXN101520,USER_10025,2024-01-08,-4558.89,UPI,DR,UPI/MYNTRA/REF7962
TXN100220,USER_10011,2024-11-17,-3784.51,ATM,DR,ATM/AJIO/REF8354
TXN101745,USER_10000,2024-09-12,15299.18,NEFT,CR,NEFT/EMI_CR/REF9571
TXN100086,USER_10026,2024-10-02,-2753.35,NEFT,DR,NEFT/RELIANCE_TRENDS/REF8999
TXN101980,USER_10018,2024-12-11,-2151.73,ATM,DR,ATM/TATA_POWER/REF2174
TXN101840,USER_10021,2024-07-27,INVALID,ATM,CR,ATM/REFUND/REF1510
TXN101282,USER_10011,2024-07-31,-2663.11,IMPS,DR,IMPS/TATA_POWER/REF2491
TXN100769,USER_10021,2024-04-26,-3282.41,IMPS,DR,IMPS/PORTRONICS/REF7479
TXN101847,USER_10012,2024-10-21,-1257.94,IMPS,DR,IMPS/BLR_METRO/REF4782
TXN101944,USER_10038,2024-11-19,-910.17,CARD,DR,CARD/MYNTRA/REF9938
TXN101148,USER_10031,2024-10-13,34541.34,NEFT,CR,NEFT/SALARY_CR/REF3610
TXN100999,USER_10001,2024-01-19,-1721.71,UPI,DR,
TXN100212,USER_10035,2024-12-08,10045.28,UPI,CR,UPI/EMI_CR/REF8147
TXN100544,USER_10016,2024-12-04,-1225.86,RTGS,DR,RTGS/ZOMATO/REF9043
TXN100888,USER_10018,2024-11-16,-4497.78,UPI,DR,UPI/OLA/REF5146
TXN101210,USER_10032,2024-08-05,-2350.05,ATM,DR,ATM/MYNTRA/REF5151
TXN100453,USER_10044,not_a_date,-2465.82,UPI,DR,UPI/DMART/REF2526
TXN101013,USER_10015,2024-03-30,-236.22,CARD,DR,CARD/UBER/REF9190
TXN101356,USER_10023,2024-09-11,1942.74,RTGS,DR,RTGS/UBER/REF4830
TXN101965,USER_10008,2024-08-27,-1892.8,CARD,DR,CARD/TATA_POWER/REF1554
TXN100994,USER_10023,2024-09-30,28804.4,IMPS,CR,IMPS/REFUND/REF4327
TXN101940,USER_10011,2024-01-06,-1836.91,UPI,DR,UPI/OLA/REF6085
TXN100026,USER_10045,2024-06-08,-3374.85,-,DR,RTGS/SPOTIFY/REF9479
TXN100170,USER_10035,2024-07-06,-2003.14,ATM,DR,ATM/INDIAN_OIL/REF3024
TXN100730,USER_10010,2024-07-18,5370.34,NEFT,CR,NEFT/SALARY_CR/REF8727
TXN101386,USER_10031,2024-07-29,43697.67,UPI,CR,UPI/REFUND/REF2723
TXN101761,USER_10003,2024-02-13,-4157.98,UPI,DR,UPI/APOLLO_PHARMACY/REF6463
TXN101524,USER_10027,2024-09-10,-1897.75,IMPS,DR,IMPS/FLIPKART/REF5092
TXN101040,USER_10036,2024-04-16,10667.13,CARD,CR,CARD/REFUND/REF1898
TXN100515,USER_10041,2024-05-31,-4419.75,UPI,DR,UPI/DOMINOS/REF2437
TXN101351,USER_10045,2024-09-10,2926.87,ATM,DR,ATM/APOLLO_PHARMACY/REF1599
TXN101945,USER_10006,2024-01-20,-3083.96,NEFT,DR,NEFT/PORTRONICS/REF3898
TXN101532,USER_10017,2024-02-25,50939.58,NEFT,CR,NEFT/REFUND/REF3291
TXN100116,USER_10028,2024-06-23,-304.31,UPI,DR,UPI/DOMINOS/REF2070
TXN100863,USER_10034,2024-03-08,-735.95,CARD,DR,CARD/BBPS/REF4314
TXN101843,USER_10013,2024-07-12,7281.97,NEFT,CR,NEFT/EMI_CR/REF7243
TXN101012,USER_10044,2024-03-05,-3217.14,RTGS,DR,RTGS/MCD/REF7750
TXN100494,USER_10047,2024-11-14,-1872.95,NEFT,DR,NEFT/DOMINOS/REF9954
TXN101419,USER_10005,2024-08-06,-1591.74,NEFT,DR,NEFT/MYNTRA/REF5012
TXN101226,USER_10045,2024-02-01,-2138.92,ATM,DR,ATM/NETFLIX/REF2040
TXN101567,USER_10003,2024-11-24,74267.54,ATM,CR,ATM/SALARY_CR/REF2903
TXN100181,USER_10015,2024-03-05,19364.39,NEFT,CR,NEFT/EMI_CR/REF4538
TXN100211,USER_10047,2024-08-08,-1932.03,NEFT,DR,NEFT/PORTRONICS/REF9196
TXN101070,USER_10042,2024-07-03,-3594.02,IMPS,DR,IMPS/AIRTEL/REF7326
TXN100460,USER_10016,2024-02-12,-4523.81,UPI,DR,UPI/UBER/REF7493
TXN101899,USER_10024,2024-12-01,-4100.56,UPI,DR,UPI/INDIAN_OIL/REF2253
TXN101947,USER_10020,2024-02-19,24423.47,CARD,CR,CARD/SALARY_CR/REF1273
TXN100344,USER_10004,2024-10-15,-4152.43,NEFT,DR,NEFT/MCD/REF9792
TXN101198,USER_10041,2024-11-14,27744.08,CARD,CR,CARD/EMI_CR/REF3118
TXN100872,USER_10010,2024-04-08,-2072.52,IMPS,DR,IMPS/SWIGGY/REF7767
TXN100955,USER_10045,2024-09-13,-4636.49,IMPS,DR,IMPS/DMART/REF1548
TXN101283,USER_10007,2024-02-20,-1462.49,IMPS,DR,IMPS/UBER/REF2468
TXN100231,USER_10006,2024-10-12,-1456.53,CARD,DR,CARD/MYNTRA/REF3463
TXN100523,USER_10045,2024-12-24,-2859.87,ATM,DR,ATM/BIGBASKET/REF4084
TXN100781,USER_10005,2024-08-14,-2090.41,IMPS,DR,IMPS/BIGBASKET/REF1172
TXN100083,USER_10014,2024-07-15,-3546.77,RTGS,DR,RTGS/AMAZON/REF7678
TXN100557,USER_10024,2024-10-11,-1664.33,ATM,DR,ATM/INDIAN_OIL/REF8506
TXN100699,USER_10047,2024-09-04,7829.39,NEFT,CR,NEFT/REFUND/REF2029
TXN101763,USER_10007,2024-10-26,-3709.85,CARD,DR,CARD/ZOMATO/REF4359
TXN100314,USER_10032,2024-11-09,66097.24,CARD,CR,CARD/EMI_CR/REF2020
TXN100930,USER_10005,2024-08-26,-509.94,RTGS,DR,RTGS/PORTRONICS/REF2593
TXN101816,USER_10026,2024-12-27,39034.54,NEFT,CR,NEFT/SALARY_CR/REF3246
TXN101108,USER_10005,2024-06-16,-1954.67,ATM,DR,ATM/JIO/REF6111
TXN101701,USER_10048,2024-06-26,-2804.43,RTGS,DR,RTGS/NETFLIX/REF1771
TXN100611,USER_10021,2024-04-30,-3374.58,ATM,DR,ATM/FLIPKART/REF9095
TXN101337,USER_10047,2024-06-18,31313.83,NEFT,CR,NEFT/REFUND/REF1110
TXN100475,USER_10043,2024-03-29,71811.71,UPI,CR,UPI/SALARY_CR/REF2106
TXN100964,USER_10018,2024-09-05,-2552.7,IMPS,DR,IMPS/INDIAN_OIL/REF3171
TXN101586,USER_10009,2024-06-29,-1168.13,RTGS,DR,RTGS/PHARMEASY/REF2841
TXN100162,USER_10042,2024-07-21,-2851.35,CARD,DR,CARD/PHARMEASY/REF1803
TXN100210,USER_10049,2024-03-11,25261.3,UPI,CR,UPI/SALARY_CR/REF9149
TXN101073,USER_10046,2024-08-05,-2100.26,ATM,DR,ATM/DMART/REF2410
TXN101564,USER_10032,2024-08-21,-3616.87,IMPS,DR,IMPS/INDIAN_OIL/REF4609
TXN101066,USER_10043,2024-10-09,-172.74,NEFT,DR,NEFT/RELIANCE_TRENDS/REF8306
TXN100240,USER_10002,2024-07-29,-3611.95,ATM,DR,ATM/JIO/REF5668
TXN101566,USER_10015,2024-05-29,-783.29,NEFT,DR,NEFT/INDIAN_OIL/REF5430
TXN100022,USER_10038,2024-06-14,-603.75,IMPS,DR,IMPS/SPOTIFY/REF4923
TXN101737,USER_10033,2024-12-05,68151.68,RTGS,CR,RTGS/EMI_CR/REF2847
TXN100564,USER_10031,2024-12-22,-4863.86,NEFT,DR,NEFT/BLR_METRO/REF5923
TXN100291,USER_10040,2024-10-06,-4785.42,NEFT,DR,NEFT/DOMINOS/REF7653
TXN100908,USER_10021,2024-12-10,-2398.78,CARD,DR,CARD/ZOMATO/REF3224
TXN101706,USER_10003,2024-06-04,-1680.18,RTGS,DR,RTGS/RELIANCE_TRENDS/REF5422
TXN101425,USER_10018,2024-07-11,-2430.18,NEFT,DR,NEFT/NETFLIX/REF8688
TXN101199,USER_10013,2024-01-25,24806.78,CARD,CR,CARD/SALARY_CR/REF2158
TXN101720,USER_10022,2024-08-08,-2014.79,ATM,DR,ATM/AIRTEL/REF6467
TXN101786,USER_10007,2024-01-20,10101.72,ATM,CR,ATM/REFUND/REF1482
TXN101376,USER_10000,2024-03-28,-4553.57,NEFT,DR,NEFT/TATA_POWER/REF2814
TXN101936,USER_10040,2024-05-22,-4207.39,RTGS,DR,RTGS/BBPS/REF9029
TXN101406,USER_10006,2024-11-03,-3172.83,CARD,DR,CARD/TATA_POWER/REF3177
TXN100144,USER_10009,2024-08-16,-1758.36,ATM,DR,ATM/BBPS/REF7180
TXN100717,USER_10011,2024-08-31,46986.97,ATM,CR,ATM/EMI_CR/REF2925
TXN101643,USER_10005,2024-06-01,36599.47,ATM,CR,ATM/REFUND/REF4507
TXN100396,USER_10022,2024-10-10,35229.36,ATM,CR,ATM/EMI_CR/REF7227
TXN101211,USER_10022,2024-05-10,-3854.8,UPI,DR,UPI/SWIGGY/REF8583
TXN100800,USER_10020,2024-01-08,-1416.7,RTGS,DR,RTGS/FLIPKART/REF4982
TXN101621,USER_10032,2024-03-17,-3990.54,ATM,DR,ATM/DOMINOS/REF1612
TXN101323,USER_10018,2024-07-14,-3105.64,NEFT,DR,NEFT/AIRTEL/REF1173
TXN100326,USER_10006,2024-12-14,5362.7,NEFT,CR,NEFT/EMI_CR/REF7666
TXN100801,USER_10000,2024-01-22,-3469.22,ATM,DR,ATM/PORTRONICS/REF3539
TXN100496,USER_10022,2024-11-21,66403.9,UPI,CR,UPI/REFUND/REF7164
TXN101964,USER_10016,2024-01-17,41192.09,NEFT,CR,NEFT/EMI_CR/REF8785
TXN101491,USER_10033,2024-10-26,-4103.2,UPI,DR,
TXN100294,USER_10025,2024-03-07,41048.61,IMPS,CR,IMPS/SALARY_CR/REF4960
TXN101636,USER_10042,2024-02-17,2369.02,RTGS,DR,RTGS/BBPS/REF2787
TXN100840,USER_10025,2024-05-14,-2534.02,CARD,DR,CARD/AJIO/REF3136
TXN101941,USER_10021,2024-02-18,69106.5,UPI,CR,UPI/EMI_CR/REF5473
TXN100136,USER_10023,2024-11-14,48778.61,NEFT,CR,NEFT/SALARY_CR/REF5375
TXN101216,USER_10029,2024-12-20,-3305.7,ATM,DR,ATM/MYNTRA/REF8974
TXN101255,USER_10021,2024-11-21,-188.06,ATM,DR,ATM/BBPS/REF5238
TXN101713,USER_10029,2024-07-16,INVALID,ATM,DR,ATM/OLA/REF9644
TXN100638,USER_10012,2024-06-22,-2101.63,CARD,DR,
TXN101463,USER_10036,2024-11-03,-1748.97,CARD,DR,CARD/PORTRONICS/REF7252
TXN101138,USER_10045,2024-10-23,-1717.35,ATM,DR,ATM/AMAZON/REF9700
TXN100514,USER_10017,2024-08-16,7425.46,ATM,CR,ATM/EMI_CR/REF5026
TXN100153,USER_10027,2024-02-20,54272.36,RTGS,CR,RTGS/SALARY_CR/REF3725
TXN100000,USER_10040,2024-02-27,-1411.4,NEFT,DR,NEFT/BLR_METRO/REF2679
TXN100614,USER_10006,2024-03-30,64657.41,CARD,CR,
TXN100278,USER_10035,2024-10-04,-1534.79,CARD,DR,CARD/UBER/REF3852
TXN100763,USER_10025,2024-02-20,-347.18,RTGS,DR,RTGS/INDIAN_OIL/REF2577
TXN100958,USER_10005,2024-09-24,11191.24,CARD,CR,CARD/REFUND/REF2279
TXN101563,USER_10013,2024-04-04,-2880.89,CARD,DR,CARD/DMART/REF1145
TXN100862,USER_10036,2024-03-19,-1596.29,IMPS,DR,IMPS/RELIANCE_TRENDS/REF8359
TXN101068,USER_10014,2024-05-22,-463.77,CARD,DR,CARD/JIO/REF2431
TXN101652,USER_10023,2024-07-05,-4488.44,UPI,DR,UPI/MCD/REF9177
TXN100607,USER_10026,2024-12-04,-2625.53,ATM,DR,
TXN100820,USER_10033,2024-12-02,-3145.36,ATM,DR,ATM/UBER/REF7802
TXN101711,USER_10045,2024-02-12,-4185.93,CARD,DR,CARD/BLR_METRO/REF4373
TXN100570,USER_10045,2024-04-11,-4126.36,RTGS,DR,RTGS/MCD/REF3029
TXN101992,USER_10000,2024-06-21,54529.53,NEFT,CR,NEFT/REFUND/REF9436
TXN101744,USER_10027,2024-08-20,-3973.0,IMPS,DR,IMPS/SPOTIFY/REF2805
TXN101248,USER_10042,2024-11-24,-2894.06,CARD,DR,
TXN101107,USER_10007,2024-09-23,-3823.25,IMPS,DR,IMPS/PORTRONICS/REF1665
TXN101802,USER_10022,2024-02-06,46870.33,UPI,CR,None
TXN101881,USER_10002,2024-08-02,-3086.22,ATM,DR,
TXN101266,USER_10033,2024-03-01,-2304.39,CARD,DR,
TXN101499,USER_10012,2024-03-13,-4171.51,ATM,DR,ATM/BIGBASKET/REF4539
TXN101300,USER_10041,2024-01-02,-71.18,CARD,DR,CARD/SWIGGY/REF3843
TXN100339,USER_10003,2024-12-07,-1568.69,CARD,DR,CARD/TATA_POWER/REF9233
TXN101890,USER_10046,2024-04-22,-4101.7,RTGS,DR,RTGS/BPCL/REF7714
TXN101725,USER_10006,2024-05-21,-3120.09,RTGS,DR,RTGS/PORTRONICS/REF7421
TXN100325,USER_10014,2024-11-22,-545.98,CARD,DR,
TXN100766,USER_10011,2024-05-25,-3382.3,CARD,DR,CARD/DOMINOS/REF8322
TXN100341,USER_10014,2024-03-09,-2302.14,IMPS,DR,
TXN101901,USER_10047,2024-10-04,-801.65,ATM,DR,
TXN101735,USER_10028,2024-09-08,-4949.48,CARD,DR,CARD/INDIAN_OIL/REF8970
TXN101589,USER_10011,2024-08-07,-3018.08,RTGS,DR,RTGS/PHARMEASY/REF3461
TXN100742,USER_10044,not_a_date,44421.8,IMPS,CR,IMPS/SALARY_CR/REF8517
TXN101091,USER_10034,2024-12-30,-3793.72,RTGS,DR,RTGS/FLIPKART/REF8544
TXN100096,USER_10049,2024-03-24,12566.91,IMPS,CR,IMPS/SALARY_CR/REF7149
TXN101584,USER_10007,2024-01-11,12197.07,UPI,CR,UPI/REFUND/REF9381
TXN101086,USER_10018,2024-09-28,-430.29,CARD,DR,CARD/OLA/REF4002
TXN101152,USER_10025,2024-03-12,-2876.32,UPI,DR,UPI/MCD/REF9551
TXN101617,USER_10035,2024-04-13,-210.22,UPI,DR,UPI/INDIAN_OIL/REF1735
TXN101230,USER_10008,2024-05-30,-1982.34,CARD,DR,CARD/AIRTEL/REF6902
TXN101076,USER_10035,2024-08-24,-3788.46,NEFT,DR,NEFT/BIGBASKET/REF4047
TXN100156,USER_10010,2024-03-30,-4360.66,CARD,DR,CARD/RELIANCE_TRENDS/REF4945
TXN101707,USER_10044,2024-03-28,45841.72,NEFT,CR,NEFT/SALARY_CR/REF6231
TXN100034,USER_10012,2024-10-01,-2138.31,RTGS,DR,RTGS/INDIAN_OIL/REF5092
TXN100454,USER_10046,2024-08-22,-3501.58,ATM,DR,ATM/AMAZON/REF7516
TXN101393,USER_10007,2024-09-30,-883.84,UPI,DR,UPI/PHARMEASY/REF5476
TXN100290,USER_10041,2024-04-17,34161.07,UPI,CR,UPI/EMI_CR/REF9159
TXN100399,USER_10023,2024-02-24,-4717.65,IMPS,DR,IMPS/JIO/REF5419
TXN101046,USER_10017,2024-01-28,-1758.87,ATM,DR,ATM/DOMINOS/REF9629
TXN100814,USER_10006,2024-09-05,-207.49,RTGS,DR,RTGS/APOLLO_PHARMACY/REF9026
TXN101502,USER_10043,2024-08-05,15027.08,UPI,CR,UPI/SALARY_CR/REF5413
TXN101033,USER_10027,2024-09-28,-4058.1,UPI,DR,UPI/PORTRONICS/REF8412
TXN100169,USER_10007,2024-08-27,14852.99,CARD,CR,CARD/SALARY_CR/REF7511
TXN101133,USER_10017,2024-01-11,-2960.55,RTGS,DR,RTGS/NETFLIX/REF7394
TXN100893,USER_10042,2024-10-22,25890.91,UPI,CR,UPI/SALARY_CR/REF2784
TXN100926,USER_10004,2024-06-08,-1726.76,UPI,DR,UPI/JIO/REF3131
TXN100628,USER_10003,2024-09-16,-3234.42,NEFT,DR,NEFT/TATA_POWER/REF2291
TXN100711,USER_10003,2024-03-26,-941.19,ATM,DR,ATM/TATA_POWER/REF1305
TXN101453,USER_10000,2024-11-22,61883.33,CARD,CR,CARD/SALARY_CR/REF6901
TXN100605,USER_10003,2024-12-19,-2249.36,ATM,DR,ATM/FLIPKART/REF5140
TXN101127,USER_10016,2024-09-10,1920.1,IMPS,NaN,IMPS/PHARMEASY/REF5660
TXN101690,USER_10025,2024-01-16,-4054.75,NEFT,DR,NEFT/AIRTEL/REF6861
TXN101930,USER_10036,2024-10-30,-4834.96,ATM,DR,ATM/MYNTRA/REF8756
TXN100936,USER_10020,2024-10-11,-3972.53,RTGS,DR,RTGS/BBPS/REF7566
TXN100465,USER_10006,2024-06-09,-1531.31,NEFT,DR,NEFT/TATA_POWER/REF3340
TXN100193,USER_10027,2024-08-19,33966.95,RTGS,CR,RTGS/REFUND/REF7815
TXN100258,USER_10022,2024-02-04,-3678.06,UPI,DR,UPI/APOLLO_PHARMACY/REF6447
TXN101112,USER_10025,2024-12-21,-553.52,UPI,DR,UPI/UBER/REF6959
TXN101827,USER_10017,2024-12-15,10987.58,ATM,CR,ATM/SALARY_CR/REF5846
TXN101956,USER_10029,2024-02-11,71026.61,CARD,CR,CARD/REFUND/REF4130
TXN100873,USER_10014,2024-12-09,58044.36,NEFT,CR,   
TXN101556,USER_10048,2024-04-13,-810.68,NEFT,DR,NEFT/BIGBASKET/REF7851
TXN100129,USER_10038,2024-05-08,-1183.18,ATM,DR,ATM/PHARMEASY/REF1339
TXN101962,USER_10022,2024-11-26,60739.0,IMPS,CR,IMPS/SALARY_CR/REF9253
TXN101063,USER_10009,2024-01-03,43230.19,IMPS,CR,IMPS/EMI_CR/REF5842
TXN101937,USER_10044,2024-05-08,-2811.63,CARD,DR,CARD/AIRTEL/REF6704
TXN101521,USER_10044,2024-09-30,-1258.92,CARD,DR,CARD/MYNTRA/REF9652
TXN101552,USER_10023,2024-07-04,-2965.11,IMPS,DR,IMPS/RELIANCE_TRENDS/REF4903
TXN101358,USER_10034,2024-11-25,-1418.3,UPI,DR,UPI/BLR_METRO/REF2942
TXN100934,USER_10001,2024-02-03,-1789.63,NEFT,DR,NEFT/JIO/REF5624
TXN101124,USER_10045,2024-03-25,-715.72,RTGS,DR,RTGS/PORTRONICS/REF8986
TXN100998,USER_10024,2024-02-02,50038.53,ATM,CR,ATM/REFUND/REF8361
TXN100698,USER_10048,2024-09-20,-838.15,ATM,DR,ATM/DMART/REF3395
TXN101675,USER_10009,2024-05-24,-944.11,RTGS,DR,RTGS/AMAZON/REF6921
TXN100381,USER_10000,2024-04-21,-1897.34,CARD,DR,CARD/RELIANCE_TRENDS/REF8916
TXN101473,USER_10009,2024-04-17,70410.3,CARD,CR,CARD/SALARY_CR/REF1861
TXN100690,USER_10023,2024-03-09,-1691.24,RTGS,DR,RTGS/DOMINOS/REF8296
TXN101053,USER_10014,2024-09-23,-2087.87,CARD,DR,
TXN101342,USER_10001,2024-12-12,-3291.6,IMPS,DR,IMPS/FLIPKART/REF4444
TXN100572,USER_10037,2024-10-09,-859.39,CARD,DR,CARD/INDIAN_OIL/REF2480
TXN100241,USER_10048,2024-08-17,-1233.88,NEFT,DR,NEFT/DOMINOS/REF7026
TXN101721,USER_10003,2024-08-13,-534.17,RTGS,DR,RTGS/APOLLO_PHARMACY/REF7923
TXN101117,USER_10031,2024-09-11,-4714.89,UPI,DR,UPI/SWIGGY/REF1865
TXN101477,USER_10025,2024-02-19,-3773.72,UPI,DR,UPI/DMART/REF5981
TXN101272,USER_10036,2024-08-19,59694.45,CARD,CR,CARD/REFUND/REF3175
TXN100928,USER_10027,2024-07-19,-3000.8,CARD,DR,CARD/DMART/REF8304
TXN101879,USER_10008,2024-04-11,-489.12,CARD,DR,CARD/MCD/REF4509
TXN100925,USER_10017,2024-03-13,61280.2,NEFT,CR,NEFT/EMI_CR/REF3806
TXN100830,USER_10009,2024-03-11,-4453.65,NEFT,DR,NEFT/BLR_METRO/REF5198
TXN101517,USER_10004,2024-05-02,16557.92,UPI,CR,UPI/SALARY_CR/REF5683
TXN101287,USER_10015,2024-11-01,-2490.25,ATM,DR,
TXN100384,USER_10011,2024-02-24,41706.98,NEFT,CR,NEFT/SALARY_CR/REF9625
TXN100704,USER_10033,2024-05-08,-4540.85,RTGS,DR,RTGS/MCD/REF6781
TXN100990,USER_10009,2024-12-24,1987.09,ATM,DR,ATM/SWIGGY/REF9039
TXN100984,USER_10010,2024-02-07,-358.82,IMPS,DR,IMPS/TATA_POWER/REF1984
TXN101171,USER_10026,2024-07-07,-4388.13,NEFT,DR,NEFT/DMART/REF1339
TXN100023,USER_10003,2024-05-03,71286.46,CARD,CR,CARD/SALARY_CR/REF8962
TXN101776,USER_10008,2024-08-27,37084.51,NEFT,CR,NEFT/SALARY_CR/REF6861
TXN100812,USER_10039,2024-05-24,-3222.47,UPI,DR,UPI/FLIPKART/REF9572
TXN100331,USER_10019,2024-10-17,-4645.85,IMPS,DR,IMPS/NETFLIX/REF8444
TXN100487,USER_10010,2024-05-10,67598.79,CARD,CR,CARD/EMI_CR/REF2889
TXN100069,USER_10020,2024-07-25,-2794.34,RTGS,DR,RTGS/OLA/REF7211
TXN101834,USER_10009,2024-11-12,-1201.73,UPI,DR,UPI/APOLLO_PHARMACY/REF4018
TXN101542,USER_10044,2024-05-06,-2174.34,CARD,DR,CARD/DOMINOS/REF2688
TXN100029,USER_10002,2024-06-18,-1228.12,RTGS,DR,RTGS/PHARMEASY/REF4510
TXN100373,USER_10046,2024-08-28,27416.33,IMPS,CR,IMPS/SALARY_CR/REF6126
TXN100405,USER_10030,2024-02-09,-4723.9,CARD,DR,CARD/MYNTRA/REF9123
TXN101854,USER_10026,2024-05-14,54796.73,CARD,CR,CARD/REFUND/REF2654
TXN101294,USER_10003,2024-09-03,-1291.9,RTGS,DR,RTGS/PHARMEASY/REF6757
TXN100788,USER_10011,2024-03-10,-3202.62,RTGS,DR,RTGS/RELIANCE_TRENDS/REF5458
TXN101594,USER_10020,2024-03-06,1955.84,RTGS,DR,RTGS/NETFLIX/REF7944
TXN101508,USER_10007,2024-03-30,-4383.78,RTGS,DR,RTGS/DMART/REF2565
TXN101186,USER_10016,2024-02-29,-4893.66,IMPS,DR,IMPS/DOMINOS/REF6907
TXN100297,USER_10012,2024-03-22,-2597.89,IMPS,DR,IMPS/DOMINOS/REF9148
TXN101354,USER_10008,2024-02-13,2618.16,ATM,DR,ATM/BLR_METRO/REF1674
TXN100767,USER_10005,2024-07-14,-2345.57,NEFT,DR,NEFT/BIGBASKET/REF6527
TXN100864,USER_10008,2024-06-07,-4498.28,RTGS,DR,RTGS/BIGBASKET/REF3378
TXN101908,USER_10030,2024-10-15,-1587.52,CARD,DR,CARD/BIGBASKET/REF2370
TXN100269,USER_10017,2024-11-23,71353.31,CARD,CR,CARD/SALARY_CR/REF7655
TXN100546,USER_10012,2024-02-19,-895.62,UPI,DR,UPI/BPCL/REF8758
TXN101182,USER_10035,2024-01-31,-4658.77,IMPS,DR,IMPS/DOMINOS/REF1745
TXN101058,USER_10018,2024-04-03,63753.22,CARD,CR,CARD/EMI_CR/REF3514
TXN101064,USER_10030,2024-05-28,57791.32,CARD,CR,CARD/EMI_CR/REF3409
TXN101209,USER_10027,2024-05-31,2777.42,ATM,DR,ATM/ZOMATO/REF2763
TXN101554,USER_10002,2024-10-27,66882.9,NEFT,CR,NEFT/SALARY_CR/REF8303
TXN100946,USER_10008,2024-05-30,-4510.32,UPI,DR,UPI/ZOMATO/REF6885
TXN101455,USER_10022,2024-08-07,70903.43,CARD,CR,CARD/REFUND/REF2645
TXN100673,USER_10004,2024-01-28,-1296.94,ATM,DR,ATM/AMAZON/REF4729
TXN100616,USER_10042,2024-11-27,-1819.76,ATM,DR,ATM/JIO/REF5395
TXN101540,USER_10027,2024-09-02,-2455.35,RTGS,DR,RTGS/AJIO/REF5059
TXN101495,USER_10023,2024-10-05,-4886.66,UPI,DR,UPI/PHARMEASY/REF5068
TXN100378,USER_10046,2024-06-29,-3615.55,NEFT,DR,NEFT/DOMINOS/REF9882
TXN100513,USER_10001,2024-07-14,-905.4,NEFT,DR,NEFT/OLA/REF5505
TXN100463,USER_10033,2024-12-14,-89.91,UPI,DR,UPI/NETFLIX/REF7919
TXN101946,USER_10008,2024-02-12,-4236.73,RTGS,DR,
TXN100215,USER_10039,2024-08-23,69383.88,RTGS,CR,RTGS/SALARY_CR/REF2734
TXN101259,USER_10038,2024-04-29,-1458.45,ATM,DR,ATM/PORTRONICS/REF3293
TXN101837,USER_10034,2024-01-23,-1781.16,ATM,DR,ATM/AMAZON/REF8271
TXN100300,USER_10018,2024-10-01,-582.11,IMPS,DR,IMPS/BIGBASKET/REF6992
TXN101468,USER_10049,2024-07-05,70374.76,ATM,CR,ATM/SALARY_CR/REF4639
TXN100194,USER_10046,2024-02-18,-1596.99,IMPS,DR,IMPS/INDIAN_OIL/REF3500
TXN101522,USER_10043,2024-11-07,-2270.83,CARD,DR,CARD/UBER/REF9577
TXN100168,USER_10017,2024-03-25,-4132.21,IMPS,DR,IMPS/DOMINOS/REF6549
TXN101952,USER_10011,2024-11-21,-4197.41,IMPS,DR,IMPS/SWIGGY/REF5485
TXN101777,USER_10032,2024-09-14,-4517.63,RTGS,DR,RTGS/MCD/REF9405
TXN100292,USER_10019,2024-08-20,-346.57,RTGS,DR,RTGS/JIO/REF8933
TXN100265,USER_10011,2024-09-11,1868.37,IMPS,DR,
TXN101054,USER_10031,2024-10-30,-2674.32,RTGS,DR,RTGS/BBPS/REF8503
TXN100449,USER_10048,2024-07-29,74474.04,NEFT,CR,NEFT/EMI_CR/REF3174
TXN100257,USER_10024,2024-08-28,-1965.06,IMPS,DR,IMPS/SPOTIFY/REF1266
TXN100401,USER_10026,2024-02-22,-1801.88,ATM,DR,ATM/AMAZON/REF6315
TXN101169,USER_10038,2024-12-17,-4700.12,RTGS,DR,RTGS/JIO/REF3187
TXN101533,USER_10022,2024-08-10,-4423.7,NEFT,DR,
TXN101009,USER_10037,2024-01-21,-3965.71,ATM,DR,ATM/APOLLO_PHARMACY/REF7162
TXN101994,USER_10029,2024-07-06,-3016.67,IMPS,DR,IMPS/SPOTIFY/REF7974
TXN100197,USER_10042,2024-03-03,-4374.36,RTGS,DR,RTGS/AJIO/REF1842
TXN101989,USER_10027,2024-01-28,-1330.31,UPI,DR,UPI/APOLLO_PHARMACY/REF8377
TXN101368,USER_10026,2024-08-05,INVALID,CARD,DR,CARD/AJIO/REF9808
TXN101256,USER_10015,2024-06-04,-4935.43,CARD,DR,
TXN100748,USER_10031,2024-04-12,-1248.18,NEFT,DR,
TXN101105,USER_10028,2024-12-10,17659.4,RTGS,CR,RTGS/REFUND/REF7948
TXN101344,USER_10039,2024-08-10,9576.43,NEFT,CR,NEFT/SALARY_CR/REF4107
TXN100661,USER_10031,2024-10-20,410.76,IMPS,DR,IMPS/PORTRONICS/REF9608
TXN101639,USER_10044,2024-08-31,-2300.16,NEFT,DR,NEFT/BBPS/REF8699
TXN100526,USER_10008,2024-06-23,-4597.96,UPI,DR,
TXN100961,USER_10026,2024-06-29,60875.63,NEFT,CR,NEFT/REFUND/REF1578
TXN100975,USER_10021,2024-05-18,-536.47,ATM,DR,ATM/APOLLO_PHARMACY/REF7408
TXN100637,USER_10006,2024-05-10,-978.34,NEFT,DR,NEFT/TATA_POWER/REF8488
TXN100001,USER_10043,2024-10-06,-2138.51,UPI,DR,UPI/SWIGGY/REF4582
TXN101304,USER_10007,2024-08-24,-1005.3,NEFT,DR,NEFT/SWIGGY/REF1324
TXN101235,USER_10021,2024-08-08,-1172.12,NEFT,DR,NEFT/BBPS/REF8968
TXN101960,USER_10037,2024-07-05,-3227.04,CARD,DR,CARD/JIO/REF3793
TXN101970,USER_10046,2024-07-10,-2438.66,IMPS,DR,IMPS/TATA_POWER/REF1657
TXN101099,USER_10048,2024-02-19,69406.86,ATM,CR,ATM/SALARY_CR/REF4277
TXN101683,USER_10017,2024-05-20,-4768.49,CARD,DR,CARD/SPOTIFY/REF5822
TXN100951,USER_10041,2024-01-09,-4430.2,RTGS,DR,RTGS/PHARMEASY/REF3224
TXN100974,USER_10043,2024-01-22,-2679.9,RTGS,DR,RTGS/SPOTIFY/REF5466
TXN101826,USER_10010,2024-07-14,-4963.43,NEFT,DR,NEFT/BLR_METRO/REF1248
TXN100135,USER_10000,2024-12-02,37338.34,NEFT,CR,NEFT/SALARY_CR/REF9494
TXN100859,USER_10003,2024-11-16,-1966.49,ATM,DR,ATM/SWIGGY/REF5590
TXN101829,USER_10041,2024-11-07,-1569.13,IMPS,DR,
TXN101771,USER_10010,2024-09-18,-2756.07,RTGS,DR,RTGS/DOMINOS/REF5751
TXN100714,USER_10039,2024-12-03,-880.22,IMPS,DR,IMPS/PHARMEASY/REF8429
TXN100030,USER_10034,2024-03-08,-4417.8,RTGS,DR,RTGS/DMART/REF4981
TXN100205,USER_10049,2024-10-17,-4422.54,NEFT,DR,NEFT/BIGBASKET/REF1815
TXN100323,USER_10047,2024-09-02,-4148.36,ATM,DR,ATM/INDIAN_OIL/REF5450
TXN100347,USER_10008,2024-09-19,-2841.36,RTGS,DR,RTGS/BBPS/REF6049
TXN101075,USER_10037,2024-07-11,2076.83,RTGS,DR,RTGS/INDIAN_OIL/REF3865
TXN101479,USER_10009,2024-04-17,-3754.49,CARD,DR,CARD/MYNTRA/REF1149
TXN101225,USER_10025,2024-09-05,-3636.84,RTGS,DR,RTGS/PHARMEASY/REF4799
TXN101974,USER_10019,2024-03-13,37109.95,RTGS,CR,
TXN100772,USER_10042,2024-05-08,54048.78,NEFT,CR,NEFT/SALARY_CR/REF3734
TXN101104,USER_10013,2024-09-15,38230.09,ATM,CR,ATM/EMI_CR/REF4033
TXN100095,USER_10029,not_a_date,-1876.03,ATM,DR,ATM/RELIANCE_TRENDS/REF2876
TXN100834,USER_10049,2024-01-29,28407.28,RTGS,CR,RTGS/REFUND/REF2974
TXN100295,USER_10029,2024-03-03,-1277.2,UPI,DR,UPI/FLIPKART/REF5754
TXN101505,USER_10038,2024-05-06,-666.88,CARD,DR,CARD/FLIPKART/REF9984
TXN100070,USER_10043,2024-03-30,-1539.7,UPI,DR,UPI/BBPS/REF5978
TXN100963,USER_10040,2024-08-30,-2885.66,IMPS,DR,IMPS/PHARMEASY/REF1447
TXN101792,USER_10031,2024-04-07,44925.9,ATM,CR,ATM/REFUND/REF6768
TXN100679,USER_10034,2024-05-31,15085.29,CARD,CR,CARD/EMI_CR/REF7113
TXN101717,USER_10010,2024-12-17,-4355.67,UPI,DR,UPI/APOLLO_PHARMACY/REF3413
TXN100058,USER_10047,2024-06-19,33819.92,CARD,CR,
TXN101877,USER_10015,2024-03-11,-4366.97,CARD,DR,CARD/BLR_METRO/REF4205
TXN101273,USER_10048,2024-03-11,-2331.63,CARD,DR,CARD/JIO/REF8357
TXN100543,USER_10021,2024-04-15,33649.59,CARD,CR,CARD/EMI_CR/REF9849
TXN101849,USER_10023,2024-02-10,-2552.94,CARD,DR,CARD/SPOTIFY/REF8932
TXN101280,USER_10015,2024-12-27,45568.69,ATM,CR,ATM/SALARY_CR/REF6249
TXN100826,USER_10028,2024-08-17,5013.69,IMPS,CR,IMPS/SALARY_CR/REF1267
TXN100626,USER_10035,2024-11-09,-3234.82,ATM,DR,ATM/UBER/REF8688
TXN100417,USER_10049,2024-05-07,-1807.29,ATM,DR,ATM/APOLLO_PHARMACY/REF1725
TXN101018,USER_10011,2024-03-22,-263.42,IMPS,DR,IMPS/APOLLO_PHARMACY/REF5670
TXN100061,USER_10042,2024-04-08,-1429.09,IMPS,DR,IMPS/AMAZON/REF6753
TXN100332,USER_10041,2024-10-05,-4451.84,ATM,DR,ATM/BIGBASKET/REF8668
TXN101610,USER_10036,2024-09-13,-1175.21,IMPS,DR,IMPS/UBER/REF2506
TXN100224,USER_10018,2024-02-09,-4887.97,ATM,DR,ATM/AMAZON/REF9307
TXN100747,USER_10030,2024-06-09,-4476.87,NEFT,DR,NEFT/INDIAN_OIL/REF4115
TXN101749,USER_10008,2024-06-28,59968.43,CARD,CR,CARD/EMI_CR/REF3540
TXN101369,USER_10019,2024-06-15,-2859.51,NEFT,DR,NEFT/ZOMATO/REF3518
TXN101519,USER_10046,2024-03-10,2599.31,ATM,DR,ATM/PHARMEASY/REF3042
TXN101919,USER_10033,2024-06-14,-1889.58,NEFT,DR,NEFT/APOLLO_PHARMACY/REF3318
TXN101638,USER_10025,2024-06-17,INVALID,RTGS,DR,RTGS/RELIANCE_TRENDS/REF4483
TXN100357,USER_10004,2024-02-21,-2259.88,CARD,DR,CARD/PHARMEASY/REF1797
TXN100353,USER_10034,2024-07-20,-3652.9,UPI,DR,UPI/BLR_METRO/REF1372
TXN100858,USER_10022,2024-12-16,-3144.89,ATM,DR,ATM/BLR_METRO/REF5519
TXN100322,USER_10018,2024-01-22,-3585.0,RTGS,DR,RTGS/SPOTIFY/REF5201
TXN100849,USER_10021,2024-04-17,-1098.78,ATM,DR,ATM/BBPS/REF5237
TXN101972,USER_10037,2024-01-15,-873.6,ATM,DR,ATM/BPCL/REF9586
TXN100761,USER_10011,2024-08-03,-4978.03,ATM,DR,ATM/APOLLO_PHARMACY/REF9748
TXN100600,USER_10046,2024-09-23,-1722.28,NEFT,DR,
TXN101904,USER_10024,2024-05-29,-1150.15,ATM,DR,ATM/AIRTEL/REF5563
TXN101714,USER_10032,2024-06-09,26827.78,CARD,CR,CARD/REFUND/REF3523
TXN101691,USER_10015,2024-02-07,1889.72,IMPS,DR,IMPS/BIGBASKET/REF3003
TXN101221,USER_10007,2024-03-26,56714.68,RTGS,CR,RTGS/REFUND/REF8724
TXN100125,USER_10034,2024-04-25,-4546.64,UPI,DR,UPI/BIGBASKET/REF1977
TXN100079,USER_10048,2024-08-14,-3610.41,RTGS,DR,RTGS/MCD/REF9976
TXN100392,USER_10004,2099-12-31,-1240.34,CARD,DR,
TXN101957,USER_10047,2024-03-08,-1927.59,NEFT,DR,NEFT/BPCL/REF5570
TXN101423,USER_10001,2024-07-14,-462.0,ATM,DR,ATM/BPCL/REF9801
TXN101863,USER_10019,2024-09-09,-2842.45,ATM,DR,ATM/MCD/REF9326
TXN100318,USER_10039,2024-09-04,-1270.27,IMPS,DR,IMPS/BBPS/REF4684
TXN101062,USER_10007,2024-01-13,-2522.11,RTGS,DR,
TXN100262,USER_10032,2024-07-22,43012.15,UPI,CR,UPI/REFUND/REF4131
TXN100018,USER_10035,2024-01-06,-617.03,IMPS,DR,IMPS/BBPS/REF6573
TXN101156,USER_10017,2024-08-13,-4321.35,RTGS,DR,RTGS/ZOMATO/REF9740
TXN100363,USER_10033,2024-06-12,-2070.88,RTGS,DR,RTGS/BPCL/REF4012
TXN100509,USER_10003,2024-04-23,-4127.18,CARD,DR,CARD/SPOTIFY/REF2376
TXN100288,USER_10037,2024-10-24,3310.73,ATM,DR,ATM/MYNTRA/REF6531
TXN100092,USER_10030,2024-01-10,-307.82,NEFT,DR,NEFT/SPOTIFY/REF2124
TXN100662,USER_10014,2024-04-04,-3941.98,RTGS,DR,RTGS/UBER/REF9897
TXN101325,USER_10021,2024-11-29,59805.04,ATM,CR,ATM/REFUND/REF6377
TXN101494,USER_10035,2024-05-11,7450.37,ATM,CR,ATM/SALARY_CR/REF5891
TXN100562,USER_10002,2024-07-21,28204.59,UPI,CR,UPI/SALARY_CR/REF8785
TXN100032,USER_10026,2024-08-27,8791.98,CARD,CR,CARD/EMI_CR/REF2612
TXN100965,USER_10039,2024-05-23,-1321.93,UPI,DR,UPI/MYNTRA/REF3860
TXN101780,USER_10041,2024-09-04,-2385.17,NEFT,DR,NEFT/PHARMEASY/REF9306
TXN101318,USER_10015,2024-02-25,-4796.07,IMPS,DR,IMPS/ZOMATO/REF9514
TXN101801,USER_10015,2024-09-09,-4742.59,CARD,DR,
TXN100172,USER_10006,2024-12-11,-173.87,IMPS,DR,IMPS/BBPS/REF4626
TXN101436,USER_10032,2024-09-29,-1944.8,CARD,DR,CARD/BPCL/REF7743
TXN100469,USER_10022,2024-08-07,-742.16,CARD,DR,CARD/INDIAN_OIL/REF2380
TXN100615,USER_10027,2024-02-29,-3803.11,UPI,DR,UPI/ZOMATO/REF3267
TXN101335,USER_10006,2024-08-20,68738.01,NEFT,CR,NEFT/REFUND/REF1060
TXN100889,USER_10000,2024-08-22,-2518.28,ATM,DR,ATM/SWIGGY/REF9084
TXN100133,USER_10021,2024-07-29,-1476.68,ATM,DR,ATM/TATA_POWER/REF1601
TXN100634,USER_10045,2024-08-19,-3808.63,UPI,DR,UPI/BLR_METRO/REF6592
TXN100738,USER_10005,2024-10-08,-4157.34,IMPS,DR,IMPS/DMART/REF6693
TXN101758,USER_10035,2024-01-14,34464.3,ATM,CR,ATM/SALARY_CR/REF5954
TXN100204,USER_10013,2024-07-11,-1737.44,IMPS,DR,IMPS/SPOTIFY/REF6314
TXN100819,USER_10033,2024-02-19,-1193.54,NEFT,DR,NEFT/TATA_POWER/REF4164
TXN100860,USER_10014,2024-03-18,1994.59,UPI,DR,UPI/BIGBASKET/REF7262
TXN101645,USER_10010,2024-04-11,-2124.55,ATM,DR,ATM/DOMINOS/REF3632
TXN100778,USER_10017,2024-10-07,-4849.23,ATM,DR,
TXN100014,USER_10016,2024-03-12,-2828.77,CARD,DR,CARD/INDIAN_OIL/REF8019
TXN101848,USER_10029,2024-06-10,-621.31,RTGS,DR,RTGS/BLR_METRO/REF7716
TXN101998,USER_10011,2024-02-13,-673.97,CARD,DR,CARD/BIGBASKET/REF9084
TXN100229,USER_10039,2024-03-22,-4593.79,RTGS,DR,
TXN101041,USER_10032,2024-12-11,-305.23,IMPS,DR,IMPS/TATA_POWER/REF8624
TXN101867,USER_10010,2024-05-27,23160.03,UPI,CR,UPI/EMI_CR/REF4795
TXN100978,USER_10004,2024-01-07,-2650.06,RTGS,DR,RTGS/PHARMEASY/REF6759
TXN100736,USER_10023,2024-05-02,-4879.45,IMPS,DR,IMPS/AMAZON/REF7544
TXN101038,USER_10040,2024-08-25,-56.75,UPI,DR,UPI/APOLLO_PHARMACY/REF7305
TXN101637,USER_10005,2024-04-02,-4591.43,RTGS,DR,RTGS/TATA_POWER/REF4268
TXN100185,USER_10011,2024-05-15,-3721.5,UPI,DR,UPI/MCD/REF2041
TXN100430,USER_10023,2024-06-15,-614.08,RTGS,DR,RTGS/PHARMEASY/REF9646
TXN100391,USER_10011,2024-06-10,-1075.43,CARD,DR,CARD/BIGBASKET/REF7525
TXN100850,USER_10035,2024-09-04,-4961.9,CARD,DR,
TXN100648,USER_10037,2024-10-19,54708.65,CARD,CR,
TXN101926,USER_10012,2024-05-20,-4561.98,ATM,DR,ATM/AIRTEL/REF6009
TXN100733,USER_10045,2024-11-01,-3879.36,CARD,DR,CARD/UBER/REF9099
TXN101238,USER_10048,2024-02-26,59715.67,UPI,CR,UPI/EMI_CR/REF1687
TXN101516,USER_10040,2024-02-14,33456.03,UPI,CR,UPI/REFUND/REF2302
TXN101001,USER_10009,2024-10-23,-406.57,NEFT,DR,NEFT/MYNTRA/REF9010
TXN100246,USER_10027,2024-02-16,20542.66,IMPS,CR,IMPS/REFUND/REF1436
TXN100429,USER_10048,2024-12-26,9379.46,ATM,CR,ATM/SALARY_CR/REF4063
TXN101549,USER_10000,2024-01-27,-1642.12,RTGS,DR,RTGS/BPCL/REF5590
TXN100333,USER_10017,2024-04-08,28147.89,RTGS,CR,RTGS/EMI_CR/REF5215
TXN100249,USER_10009,2024-03-11,-4591.11,CARD,DR,
TXN101169,USER_10038,2024-12-17,-4700.12,RTGS,DR,RTGS/JIO/REF3187
TXN101483,USER_10015,2024-01-18,-2013.39,CARD,DR,CARD/BPCL/REF3826
TXN101184,USER_10008,2024-10-13,-937.89,ATM,DR,ATM/UBER/REF9074
TXN101037,USER_10029,2024-08-25,66193.93,NEFT,CR,NEFT/REFUND/REF7068
TXN100358,USER_10015,2024-01-23,-1209.98,UPI,DR,UPI/OLA/REF3295
TXN100190,USER_10038,2024-03-16,-1411.33,ATM,DR,ATM/APOLLO_PHARMACY/REF9984
TXN100255,USER_10015,2024-10-19,-3338.64,ATM,DR,ATM/AMAZON/REF6908
TXN101668,USER_10048,2024-11-17,63613.65,IMPS,CR,IMPS/SALARY_CR/REF4338
TXN101208,USER_10019,2024-03-17,52901.98,NEFT,CR,NEFT/REFUND/REF9570
TXN101712,USER_10044,not_a_date,INVALID,UPI,DR,UPI/OLA/REF4541
TXN101578,USER_10041,2024-07-25,2657.55,UPI,DR,UPI/MYNTRA/REF2633
TXN101125,USER_10048,2024-02-26,-2478.24,CARD,DR,CARD/BBPS/REF9837
TXN100406,USER_10038,2024-11-11,-579.51,UPI,DR,UPI/BPCL/REF7483
TXN100817,USER_10023,2024-10-12,-4457.63,CARD,DR,CARD/SPOTIFY/REF1955
TXN100898,USER_10033,2024-04-17,-3079.67,ATM,DR,ATM/FLIPKART/REF9666
TXN100915,USER_10019,2024-04-20,-916.31,UPI,DR,UPI/SPOTIFY/REF4311
TXN100100,USER_10000,2024-08-03,12387.72,CARD,CR,CARD/REFUND/REF8532
TXN100779,USER_10037,2024-11-01,-3757.11,RTGS,DR,RTGS/DMART/REF9576
TXN101821,USER_10002,2024-04-24,962.91,ATM,DR,ATM/AIRTEL/REF1856
TXN101515,USER_10032,2024-05-26,-2167.44,NEFT,DR,NEFT/PORTRONICS/REF6000
TXN101523,USER_10014,2024-03-30,-4205.07,IMPS,DR,IMPS/MCD/REF1834
TXN100909,USER_10030,2024-03-20,-4465.69,IMPS,DR,IMPS/BBPS/REF8577
TXN100052,USER_10017,2024-01-23,-3867.04,IMPS,DR,IMPS/APOLLO_PHARMACY/REF3647
TXN101942,USER_10002,2024-11-27,-2419.74,CARD,DR,CARD/ZOMATO/REF5145
TXN100376,USER_10014,2024-07-13,-1266.36,CARD,DR,CARD/BBPS/REF6530
TXN100252,USER_10049,2024-05-27,-653.15,RTGS,DR,RTGS/BLR_METRO/REF8489
TXN100900,USER_10038,2024-06-11,-2896.96,IMPS,DR,IMPS/RELIANCE_TRENDS/REF3125
TXN100281,USER_10004,2024-06-07,-3598.82,ATM,DR,ATM/DOMINOS/REF7730
TXN100055,USER_10027,2024-03-06,-1855.03,IMPS,DR,IMPS/ZOMATO/REF4441
TXN100727,USER_10016,2024-06-06,INVALID,CARD,DR,CARD/TATA_POWER/REF3262
TXN101895,USER_10025,2024-04-27,-848.95,IMPS,DR,IMPS/SPOTIFY/REF7773
TXN100444,USER_10022,2024-02-14,-4970.09,NEFT,DR,NEFT/AJIO/REF4438
TXN100477,USER_10040,2024-12-30,-2106.39,RTGS,DR,RTGS/PORTRONICS/REF2350
TXN100555,USER_10013,2024-04-08,-2145.71,RTGS,DR,RTGS/PHARMEASY/REF4308
TXN100868,USER_10009,2024-04-06,-964.5,ATM,DR,ATM/AJIO/REF5372
TXN100334,USER_10045,2024-04-05,-1718.71,ATM,DR,ATM/BPCL/REF4164
TXN100620,USER_10037,2024-09-04,52487.52,ATM,CR,ATM/SALARY_CR/REF7221
TXN100413,USER_10026,2024-12-10,-3185.01,IMPS,DR,IMPS/BLR_METRO/REF3525
TXN101991,USER_10011,2024-08-05,-1948.19,UPI,DR,UPI/PHARMEASY/REF3463
TXN101347,USER_10015,2024-01-28,-1436.36,ATM,DR,ATM/BIGBASKET/REF9011
TXN100471,USER_10042,2024-06-03,-3054.29,CARD,DR,CARD/OLA/REF7418
TXN101485,USER_10049,2024-08-25,50521.77,CARD,CR,CARD/REFUND/REF8292
TXN100670,USER_10040,2024-02-03,-3166.1,CARD,DR,CARD/OLA/REF7950
TXN100141,USER_10026,2024-09-04,22061.16,NEFT,CR,NEFT/EMI_CR/REF7284
TXN100713,USER_10030,2024-03-28,-2083.3,ATM,DR,ATM/BIGBASKET/REF3979
TXN101106,USER_10013,2024-09-20,-608.59,UPI,DR,UPI/NETFLIX/REF8633
TXN100260,USER_10044,2024-09-02,-4066.91,CARD,DR,
TXN101713,USER_10029,2024-07-16,-567.45,ATM,DR,ATM/OLA/REF9644
TXN100080,USER_10028,2024-03-22,-2399.64,NEFT,DR,NEFT/INDIAN_OIL/REF5543
TXN101729,USER_10047,2024-06-05,53155.51,IMPS,CR,IMPS/SALARY_CR/REF2137
TXN101232,USER_10008,2024-03-29,-3048.46,RTGS,DR,RTGS/FLIPKART/REF9089
TXN101092,USER_10004,2024-02-29,69638.68,IMPS,CR,IMPS/REFUND/REF6104
TXN100053,USER_10047,2024-08-14,-2167.05,UPI,DR,UPI/SWIGGY/REF2232
TXN100206,USER_10043,2024-02-11,-3326.6,ATM,DR,ATM/DOMINOS/REF8242
TXN100371,USER_10025,2024-05-02,-3888.79,RTGS,DR,RTGS/TATA_POWER/REF9743
TXN100631,USER_10035,2024-10-08,-499.93,ATM,DR,ATM/RELIANCE_TRENDS/REF5990
TXN100422,USER_10007,2024-03-13,-1748.18,ATM,DR,ATM/OLA/REF8912
TXN100303,USER_10039,2024-12-14,686.88,RTGS,DR,RTGS/FLIPKART/REF7114
TXN101583,USER_10030,2024-03-20,-2740.46,CARD,DR,CARD/INDIAN_OIL/REF9906
TXN100386,USER_10036,2024-05-04,20810.01,UPI,CR,UPI/EMI_CR/REF1519
TXN100312,USER_10009,2024-12-14,-2884.22,UPI,DR,UPI/PORTRONICS/REF4125
TXN101181,USER_10045,2024-07-15,INVALID,UPI,DR,UPI/INDIAN_OIL/REF2561
TXN101464,USER_10041,2024-11-24,72637.36,NEFT,CR,NEFT/REFUND/REF4662
TXN100726,USER_10026,2024-10-09,38772.74,ATM,CR,
TXN101176,USER_10007,2024-04-24,-993.19,IMPS,DR,IMPS/INDIAN_OIL/REF9096
TXN101682,USER_10013,2024-01-16,-1137.82,CARD,DR,CARD/MYNTRA/REF3073
TXN101894,USER_10041,2024-01-26,-1842.38,NEFT,DR,NEFT/OLA/REF9776
TXN100410,USER_10036,2024-05-04,-1437.49,IMPS,DR,IMPS/TATA_POWER/REF2865
TXN101362,USER_10025,2024-07-26,58046.43,RTGS,CR,RTGS/SALARY_CR/REF9399
TXN100238,USER_10002,2024-12-04,-3843.22,ATM,DR,ATM/BIGBASKET/REF7172
TXN100937,USER_10037,2024-07-30,-1256.27,RTGS,DR,RTGS/UBER/REF7288
TXN101090,USER_10021,2024-03-24,-815.05,NEFT,DR,NEFT/BLR_METRO/REF9612
TXN100668,USER_10032,2024-08-16,-1517.35,NEFT,DR,NEFT/APOLLO_PHARMACY/REF6248
TXN101572,USER_10041,2024-05-11,49401.39,NEFT,CR,NEFT/EMI_CR/REF8244
TXN101381,USER_10036,2024-09-08,-2901.86,UPI,DR,UPI/MYNTRA/REF5717
TXN101196,USER_10037,2024-02-24,15764.28,RTGS,CR,RTGS/SALARY_CR/REF8861
TXN100456,USER_10035,2024-10-22,-4269.49,CARD,  ,CARD/NETFLIX/REF1793
TXN101752,USER_10027,2024-07-23,11869.71,IMPS,CR,IMPS/REFUND/REF6091
TXN101868,USER_10042,2024-05-22,-1073.87,NEFT,DR,
TXN101917,USER_10031,2024-03-28,-2646.72,CARD,DR,CARD/BIGBASKET/REF9963
TXN100874,USER_10039,2024-09-07,-4340.54,RTGS,DR,RTGS/BLR_METRO/REF7633
TXN100660,USER_10020,2024-11-01,-4665.29,CARD,DR,CARD/RELIANCE_TRENDS/REF5934
TXN100461,USER_10040,2024-06-05,-3788.4,CARD,DR,CARD/AIRTEL/REF2494
TXN100017,USER_10038,2024-02-02,-2999.65,ATM,DR,ATM/JIO/REF5119
TXN100038,USER_10024,2024-05-15,59959.05,RTGS,CR,RTGS/REFUND/REF8973
TXN101951,USER_10011,2024-08-15,-3062.22,ATM,DR,ATM/PORTRONICS/REF7705
TXN101696,USER_10031,2024-01-24,34486.61,RTGS,CR,RTGS/SALARY_CR/REF3803
TXN101277,USER_10035,2024-11-26,-2818.8,ATM,DR,ATM/OLA/REF9877
TXN100013,USER_10013,2024-12-01,INVALID,RTGS,DR,RTGS/APOLLO_PHARMACY/REF3340
TXN100601,USER_10031,2024-07-02,16541.85,UPI,CR,UPI/REFUND/REF4742
TXN101836,USER_10003,2024-12-31,73269.76,CARD,CR,CARD/SALARY_CR/REF6789
TXN100822,USER_10006,2024-03-26,43497.58,IMPS,CR,IMPS/EMI_CR/REF3591
TXN100043,USER_10039,2024-02-11,-2939.18,IMPS,DR,IMPS/MCD/REF5272
TXN100885,USER_10046,2024-09-18,-841.5,RTGS,DR,RTGS/BBPS/REF1719
TXN101679,USER_10007,2024-06-24,38873.77,ATM,CR,ATM/EMI_CR/REF9953
TXN101514,USER_10043,2024-11-07,-2316.04,IMPS,DR,IMPS/JIO/REF8678
TXN101418,USER_10005,2024-03-29,-4164.54,NEFT,DR,NEFT/OLA/REF9313
TXN101953,USER_10035,2024-06-28,-2357.95,UPI,DR,
TXN101080,USER_10026,2024-04-01,-3454.82,UPI,DR,UPI/BLR_METRO/REF2955
TXN100929,USER_10039,2024-07-01,-4096.34,CARD,DR,CARD/PORTRONICS/REF9740
TXN100695,USER_10030,2024-11-30,30607.3,ATM,CR,ATM/SALARY_CR/REF5767
TXN101178,USER_10026,not_a_date,-772.42,IMPS,DR,IMPS/BPCL/REF4858
TXN101789,USER_10027,2024-09-27,18460.71,UPI,CR,UPI/EMI_CR/REF2576
TXN100372,USER_10041,2024-07-02,1830.24,RTGS,DR,RTGS/DOMINOS/REF2615
TXN101812,USER_10038,2024-07-22,-655.76,UPI,DR,UPI/AMAZON/REF5099
TXN100676,USER_10048,2024-10-26,-4248.84,ATM,DR,ATM/SPOTIFY/REF2738
TXN101332,USER_10012,2024-04-12,-1046.24,IMPS,DR,IMPS/AMAZON/REF4102
TXN100311,USER_10046,2024-01-27,-894.03,CARD,DR,CARD/APOLLO_PHARMACY/REF7229
TXN101888,USER_10026,2024-02-01,1649.8,IMPS,DR,IMPS/PHARMEASY/REF7737
TXN101927,USER_10023,2024-11-15,70401.55,ATM,CR,ATM/EMI_CR/REF4319
TXN100924,USER_10000,2024-11-14,-556.76,IMPS,DR,IMPS/BBPS/REF6218
TXN100953,USER_10039,2024-04-02,-2149.42,RTGS,DR,RTGS/JIO/REF6821
TXN100567,USER_10023,2024-01-29,836.91,CARD,DR,CARD/BPCL/REF9303
TXN101674,USER_10040,2024-10-23,12765.21,UPI,CR,UPI/EMI_CR/REF2754
TXN100882,USER_10008,2024-07-20,-2281.88,RTGS,DR,RTGS/UBER/REF4308
TXN101400,USER_10002,2024-07-31,-4087.34,ATM,DR,ATM/NETFLIX/REF4105
TXN101571,USER_10011,2024-05-11,42617.21,UPI,CR,UPI/EMI_CR/REF7258
TXN100149,USER_10029,2024-01-08,-2079.39,NEFT,DR,NEFT/APOLLO_PHARMACY/REF2225
TXN101539,USER_10003,2024-12-13,35076.55,CARD,CR,CARD/EMI_CR/REF1131
TXN100390,USER_10017,2024-01-24,52910.01,ATM,CR,ATM/REFUND/REF1539
TXN101331,USER_10003,2024-05-01,4184.12,RTGS,DR,RTGS/ZOMATO/REF6633
TXN101249,USER_10018,2024-08-02,-3420.31,IMPS,DR,IMPS/BBPS/REF6139
TXN101876,USER_10020,2024-04-07,51279.13,UPI,CR,UPI/EMI_CR/REF1130
TXN101914,USER_10020,2099-12-31,-2596.43,CARD,DR,CARD/MYNTRA/REF2334
TXN100179,USER_10034,2024-11-26,-2020.79,UPI,DR,UPI/OLA/REF8450
TXN101743,USER_10019,2024-04-07,-2624.38,ATM,DR,ATM/NETFLIX/REF3014
TXN101733,USER_10007,2024-01-24,44708.67,NEFT,CR,NEFT/REFUND/REF9606
TXN101051,USER_10018,2024-08-01,42900.45,RTGS,CR,RTGS/SALARY_CR/REF6680
TXN101635,USER_10024,2024-03-22,-4276.45,RTGS,DR,RTGS/BLR_METRO/REF8573
TXN100324,USER_10008,2024-02-25,-2954.81,UPI,DR,UPI/BLR_METRO/REF9700
TXN101089,USER_10009,2024-01-07,-1443.02,RTGS,DR,RTGS/AJIO/REF7750
TXN100230,USER_10043,2024-11-02,-3172.89,UPI,DR,UPI/NETFLIX/REF6401
TXN101598,USER_10033,2024-10-22,61790.45,CARD,CR,CARD/SALARY_CR/REF2429
TXN101143,USER_10040,2024-09-29,64694.23,ATM,CR,ATM/REFUND/REF1981
TXN100188,USER_10029,2024-11-25,9257.78,RTGS,CR,RTGS/REFUND/REF7984
TXN101157,USER_10023,2024-12-24,27154.3,RTGS,CR,RTGS/REFUND/REF5036
TXN100154,USER_10044,2024-06-02,8219.37,IMPS,CR,IMPS/SALARY_CR/REF6873
TXN101504,USER_10038,2024-03-24,-809.78,RTGS,DR,RTGS/AIRTEL/REF1424
TXN100137,USER_10035,2024-03-08,35668.13,RTGS,CR,RTGS/EMI_CR/REF2989
TXN101299,USER_10021,2024-04-17,-3017.59,CARD,DR,CARD/SWIGGY/REF3190
TXN101534,USER_10012,2024-05-25,-2003.0,IMPS,DR,IMPS/MYNTRA/REF1517
TXN101177,USER_10024,2024-03-07,-1072.7,IMPS,DR,IMPS/OLA/REF4102
TXN100578,USER_10043,2024-09-23,32800.68,UPI,CR,UPI/SALARY_CR/REF9380
TXN101007,USER_10048,2024-01-24,-1710.74,IMPS,DR,IMPS/FLIPKART/REF3314
TXN101103,USER_10045,2024-04-08,17024.14,UPI,CR,UPI/EMI_CR/REF2616
TXN101618,USER_10036,2024-09-04,-1607.17,UPI,DR,UPI/BPCL/REF6843
TXN100669,USER_10032,2024-02-12,16717.64,ATM,CR,ATM/EMI_CR/REF1120
TXN101855,USER_10008,2024-01-18,6675.2,UPI,CR,UPI/SALARY_CR/REF3168
TXN101788,USER_10012,2024-05-09,-3410.3,NEFT,DR,NEFT/BLR_METRO/REF3655
TXN101032,USER_10026,2024-01-23,-2379.73,ATM,DR,ATM/AJIO/REF1550
TXN100065,USER_10007,2024-07-16,18305.51,CARD,CR,CARD/SALARY_CR/REF8144
TXN100895,USER_10029,2024-10-23,-227.41,IMPS,DR,IMPS/AJIO/REF6289
TXN101158,USER_10017,2024-03-15,-3592.57,UPI,DR,UPI/BPCL/REF1570
TXN100033,USER_10003,2024-07-25,-4012.93,NEFT,DR,NEFT/FLIPKART/REF4139
TXN101985,USER_10019,2024-07-17,-2429.23,RTGS,DR,RTGS/INDIAN_OIL/REF3941
TXN101049,USER_10005,2024-02-11,-935.12,UPI,DR,UPI/AMAZON/REF3699
TXN100123,USER_10014,2024-05-27,-3529.79,UPI,DR,UPI/JIO/REF4824
TXN101082,USER_10037,2024-09-03,-4348.31,N/A,DR,CARD/APOLLO_PHARMACY/REF8799
TXN101703,USER_10039,2024-02-22,-286.78,NEFT,DR,NEFT/SWIGGY/REF2722
TXN100098,USER_10044,2024-06-03,47028.81,ATM,CR,ATM/SALARY_CR/REF1672
TXN101634,USER_10047,2024-05-05,-2825.96,UPI,DR,UPI/BIGBASKET/REF5762
TXN100996,USER_10006,2024-11-18,-2458.19,RTGS,DR,RTGS/APOLLO_PHARMACY/REF4104
TXN101650,USER_10040,2024-10-23,-1132.18,RTGS,DR,RTGS/OLA/REF9947
TXN100811,USER_10042,2024-10-02,18290.86,RTGS,CR,RTGS/EMI_CR/REF3525
TXN101982,USER_10049,2024-04-30,-1732.26,ATM,DR,
TXN100841,USER_10048,2024-03-10,-1030.64,CARD,DR,CARD/TATA_POWER/REF4212
TXN101315,USER_10005,2024-10-19,74318.53,CARD,CR,CARD/SALARY_CR/REF7943
TXN100244,USER_10003,2024-11-24,1887.5,CARD,DR,CARD/FLIPKART/REF9452
TXN101896,USER_10013,2024-10-10,-4703.07,UPI,DR,UPI/ZOMATO/REF9627
TXN100047,USER_10023,2024-05-25,-4177.04,IMPS,DR,IMPS/PORTRONICS/REF9666
TXN101531,USER_10014,2024-08-28,-1531.46,NEFT,DR,NEFT/AIRTEL/REF9788
TXN101236,USER_10016,2024-06-23,58856.17,IMPS,CR,IMPS/EMI_CR/REF3476
TXN100522,USER_10011,2024-05-01,-4040.74,IMPS,DR,IMPS/PORTRONICS/REF1462
TXN100530,USER_10041,2024-06-11,-4845.28,ATM,DR,ATM/PORTRONICS/REF6846
TXN101441,USER_10012,not_a_date,-4744.99,ATM,DR,ATM/JIO/REF4482
TXN101387,USER_10032,2024-06-15,-865.95,ATM,DR,ATM/OLA/REF1731
TXN100407,USER_10021,2024-11-13,-4317.88,IMPS,DR,IMPS/JIO/REF8055
TXN100682,USER_10013,not_a_date,64602.12,NEFT,CR,NEFT/SALARY_CR/REF4014
TXN100741,USER_10021,2024-02-29,71969.65,ATM,CR,ATM/EMI_CR/REF5098
TXN100943,USER_10048,2024-03-16,-2292.22,RTGS,DR,RTGS/BPCL/REF8326
TXN100466,USER_10004,2024-09-28,-3071.08,RTGS,DR,RTGS/UBER/REF6753
TXN100959,USER_10043,2024-11-20,-2919.16,UPI,DR,UPI/RELIANCE_TRENDS/REF6628
TXN100657,USER_10018,2024-08-17,-3429.16,NEFT,DR,NEFT/UBER/REF9418
TXN100377,USER_10016,2024-09-07,49918.61,RTGS,CR,RTGS/REFUND/REF3756
TXN100439,USER_10010,2024-02-12,-3989.61,IMPS,DR,IMPS/BLR_METRO/REF1535
TXN101811,USER_10018,2024-01-23,-3031.96,IMPS,DR,IMPS/BLR_METRO/REF3125
TXN101530,USER_10032,2024-03-19,-4569.89,NEFT,DR,NEFT/SWIGGY/REF5098
TXN100913,USER_10010,2024-10-19,-977.53,IMPS,DR,IMPS/FLIPKART/REF6152
TXN101582,USER_10008,2024-09-02,67467.32,IMPS,CR,IMPS/SALARY_CR/REF6435
TXN101853,USER_10040,2024-04-11,66348.4,NEFT,CR,NEFT/SALARY_CR/REF2979
TXN100739,USER_10017,2024-04-25,-1012.9,ATM,DR,ATM/TATA_POWER/REF1076
TXN101747,USER_10018,2024-01-08,-1125.76,UPI,DR,UPI/DMART/REF1871
TXN100642,USER_10042,2024-11-03,INVALID,RTGS,DR,RTGS/TATA_POWER/REF5067
TXN101976,USER_10015,2024-04-14,3634.47,CARD,DR,CARD/BIGBASKET/REF7131
TXN101456,USER_10046,2024-07-16,-1015.63,ATM,DR,ATM/BIGBASKET/REF9267
TXN101432,USER_10044,2024-12-06,-1343.59,CARD,DR,CARD/JIO/REF3414
TXN101609,USER_10032,2024-03-23,-4171.77,RTGS,DR,RTGS/PHARMEASY/REF5227
TXN101783,USER_10014,2024-02-19,-2522.2,RTGS,DR,RTGS/PHARMEASY/REF6302
TXN100139,USER_10035,2024-07-27,-4961.67,RTGS,DR,RTGS/FLIPKART/REF2924
TXN101576,USER_10046,2024-04-02,-154.18,NEFT,DR,NEFT/UBER/REF7458
TXN101581,USER_10000,2024-02-24,-4100.36,UPI,DR,UPI/PORTRONICS/REF4314
TXN100287,USER_10008,2024-11-16,-2690.72,CARD,DR,CARD/MCD/REF3762
TXN100044,USER_10013,2024-12-08,-1231.5,NEFT,DR,NEFT/TATA_POWER/REF5915
TXN101412,USER_10041,2024-01-20,-3640.28,CARD,DR,CARD/JIO/REF6385
TXN100596,USER_10030,2024-07-15,-2692.22,IMPS,DR,IMPS/MYNTRA/REF1230
TXN101673,USER_10049,2024-05-13,-1411.08,CARD,DR,CARD/BIGBASKET/REF1379
TXN101087,USER_10048,2024-02-18,-877.32,IMPS,DR,IMPS/NETFLIX/REF5932
TXN101140,USER_10019,2024-08-09,-1601.1,RTGS,DR,RTGS/AIRTEL/REF5116
TXN100533,USER_10011,2024-11-04,-4053.59,NEFT,DR,NEFT/RELIANCE_TRENDS/REF2705
TXN101353,USER_10019,2024-08-05,44995.93,IMPS,CR,IMPS/REFUND/REF2388
TXN101562,USER_10048,2024-09-17,-3907.89,ATM,DR,ATM/TATA_POWER/REF5448
TXN101119,USER_10009,2024-06-04,-526.85,CARD,DR,CARD/AMAZON/REF9518
TXN101172,USER_10001,2024-10-12,INVALID,RTGS,DR,RTGS/AMAZON/REF4248
TXN100671,USER_10006,2024-04-15,-3528.58,RTGS,DR,RTGS/MYNTRA/REF2181
TXN100502,USER_10020,2024-08-19,-419.7,NEFT,DR,NEFT/OLA/REF2785
TXN101933,USER_10032,2024-08-13,-2384.86,ATM,DR,ATM/BPCL/REF2921
TXN100180,USER_10005,2024-12-05,-3215.49,UPI,DR,UPI/SWIGGY/REF6464
TXN101150,USER_10041,2024-01-22,39008.94,UPI,CR,UPI/SALARY_CR/REF2375
TXN100409,USER_10020,2024-03-31,72810.77,CARD,CR,
TXN101175,USER_10045,2024-09-26,-4603.95,CARD,DR,CARD/JIO/REF9096
TXN100612,USER_10009,2024-02-16,10253.37,UPI,CR,UPI/EMI_CR/REF5192
TXN101207,USER_10040,2024-11-27,-1488.98,UPI,DR,
TXN100308,USER_10032,2024-09-17,-3558.26,RTGS,DR,RTGS/BPCL/REF1272
TXN101789,USER_10027,2024-09-27,18460.71,UPI,CR,UPI/EMI_CR/REF2576
TXN100310,USER_10038,2024-08-30,-3295.18,ATM,DR,ATM/AJIO/REF4728
TXN101688,USER_10023,2024-11-19,36458.24,ATM,CR,ATM/SALARY_CR/REF5146
TXN100847,USER_10048,2024-02-13,319.96,NEFT,DR,NEFT/RELIANCE_TRENDS/REF5713
TXN101500,USER_10037,2024-07-02,-3659.07,UPI,DR,UPI/AIRTEL/REF5177
TXN101587,USER_10031,2024-03-27,20716.57,IMPS,CR,IMPS/REFUND/REF2249
TXN100664,USER_10021,2024-07-03,-4754.03,ATM,DR,ATM/RELIANCE_TRENDS/REF8780
TXN100151,USER_10043,2024-09-30,-1617.47,RTGS,DR,RTGS/PORTRONICS/REF9864
TXN101535,USER_10010,2024-12-07,-2422.51,IMPS,DR,IMPS/PHARMEASY/REF2946
TXN101803,USER_10008,2024-05-18,-565.1,ATM,DR,ATM/DOMINOS/REF4690
TXN100275,USER_10016,2024-05-13,-1112.12,IMPS,DR,
TXN100526,USER_10008,2024-06-23,-4597.96,UPI,DR,UPI/NETFLIX/REF1359
TXN100227,USER_10028,2024-02-22,63616.4,UPI,CR,UPI/EMI_CR/REF9266
TXN100582,USER_10048,2024-05-03,61380.09,RTGS,CR,RTGS/EMI_CR/REF6236
TXN101891,USER_10014,2024-10-20,42520.92,UPI,CR,UPI/EMI_CR/REF6401
TXN100897,USER_10030,2024-03-09,-4304.07,ATM,DR,ATM/NETFLIX/REF7779
TXN100756,USER_10023,2024-11-09,18100.67,NEFT,CR,NEFT/REFUND/REF5413
TXN101101,USER_10022,2024-03-23,59656.15,NEFT,CR,NEFT/EMI_CR/REF9272
TXN100565,USER_10047,2024-08-14,27460.78,RTGS,CR,RTGS/EMI_CR/REF2462
TXN100701,USER_10030,2024-08-20,7793.33,IMPS,CR,IMPS/EMI_CR/REF2691
TXN101309,USER_10004,2099-12-31,-371.99,ATM,DR,ATM/INDIAN_OIL/REF4734
TXN100114,USER_10008,2024-05-20,-319.9,CARD,DR,
TXN100207,USER_10026,2024-05-19,-2586.11,RTGS,DR,RTGS/SPOTIFY/REF2816
TXN100121,USER_10040,2024-04-18,-451.88,NEFT,DR,NEFT/BLR_METRO/REF2229
TXN100768,USER_10026,2024-11-19,-2053.62,UPI,DR,UPI/AMAZON/REF3654
TXN101200,USER_10035,2024-11-04,2024.35,NEFT,DR,NEFT/UBER/REF7535
TXN101242,USER_10026,2024-01-04,-4055.27,IMPS,DR,IMPS/NETFLIX/REF9274
TXN100573,USER_10018,2024-01-15,856.39,NEFT,DR,NEFT/DMART/REF4626
TXN100511,USER_10041,2024-08-15,11438.5,UPI,CR,UPI/REFUND/REF1699
TXN100997,USER_10008,2024-01-19,-3612.71,NEFT,DR,NEFT/DMART/REF9015
TXN101446,USER_10042,2024-10-25,7930.15,ATM,CR,ATM/SALARY_CR/REF1118
TXN101861,USER_10037,2024-10-30,-3264.55,IMPS,DR,IMPS/TATA_POWER/REF8185
TXN101408,USER_10004,2024-06-20,-4564.91,RTGS,DR,RTGS/JIO/REF9372
TXN100798,USER_10047,2024-10-08,-1303.9,IMPS,DR,IMPS/APOLLO_PHARMACY/REF4255
TXN101350,USER_10033,2024-08-25,-3576.81,CARD,DR,CARD/MCD/REF8918
TXN101599,USER_10015,2024-07-04,-4969.83,IMPS,DR,IMPS/SWIGGY/REF8764
TXN100094,USER_10039,2024-03-19,-2394.13,ATM,DR,ATM/FLIPKART/REF4571
TXN101938,USER_10011,2024-01-13,64876.06,IMPS,CR,IMPS/EMI_CR/REF7948
TXN101949,USER_10033,2024-01-08,33222.12,CARD,CR,
TXN100962,USER_10044,2024-11-01,-3648.51,IMPS,DR,IMPS/DMART/REF2006
TXN101214,USER_10021,2024-04-05,-437.19,IMPS,DR,IMPS/RELIANCE_TRENDS/REF2742
TXN101477,USER_10025,2024-02-19,-3773.72,UPI,DR,UPI/DMART/REF5981
TXN101928,USER_10004,2024-10-30,-3666.76,NEFT,DR,NEFT/INDIAN_OIL/REF5307
TXN100982,USER_10007,2024-12-22,-1508.11,UPI,DR,UPI/PHARMEASY/REF8429
TXN101480,USER_10023,2024-10-21,-3938.22,RTGS,DR,RTGS/BIGBASKET/REF7997
TXN101713,USER_10029,2024-07-16,-567.45,ATM,DR,ATM/OLA/REF9644
TXN100328,USER_10041,2024-01-31,11262.25,NEFT,CR,NEFT/EMI_CR/REF9767
TXN100497,USER_10047,2024-06-06,-2672.58,RTGS,DR,RTGS/BLR_METRO/REF9061
TXN100152,USER_10002,2024-11-12,-3174.25,NEFT,DR,NEFT/BPCL/REF2480
TXN100218,USER_10032,2024-04-09,29456.27,CARD,CR,CARD/EMI_CR/REF3419
TXN101999,USER_10027,2024-05-20,-2317.25,NEFT,DR,NEFT/RELIANCE_TRENDS/REF9577
TXN101946,USER_10008,2024-02-12,-4236.73,RTGS,DR,RTGS/ZOMATO/REF2021
TXN100901,USER_10039,2024-10-15,-3659.46,RTGS,DR,RTGS/DOMINOS/REF3947
TXN101030,USER_10037,2024-08-30,24541.96,RTGS,CR,RTGS/EMI_CR/REF5041
TXN101264,#N/A,2024-09-12,-4982.73,RTGS,DR,RTGS/PORTRONICS/REF7830
TXN100440,USER_10017,2024-04-25,-882.63,ATM,DR,ATM/JIO/REF9115
TXN101633,USER_10043,2024-07-30,-1351.0,UPI,DR,UPI/PHARMEASY/REF1934
TXN100408,USER_10041,2024-10-31,-1637.29,NEFT,DR,NEFT/PORTRONICS/REF8848
TXN101513,USER_10036,2024-05-16,-3640.83,CARD,DR,CARD/SPOTIFY/REF5081
TXN101146,USER_10026,2024-05-16,50222.99,CARD,CR,CARD/REFUND/REF4868
TXN101142,USER_10011,2099-12-31,-3320.99,RTGS,DR,RTGS/MYNTRA/REF5389
TXN100667,USER_10034,2024-05-24,-2608.5,IMPS,DR,IMPS/AJIO/REF9426
TXN100783,USER_10034,2024-01-05,-2485.06,RTGS,DR,RTGS/AJIO/REF5908
TXN101619,USER_10048,2024-05-24,40015.13,RTGS,CR,RTGS/REFUND/REF6830
TXN100875,USER_10049,2024-01-22,-4130.43,IMPS,DR,IMPS/MYNTRA/REF7457
TXN100659,USER_10037,2024-05-10,-2358.34,UPI,DR,UPI/BIGBASKET/REF3518
TXN100048,USER_10000,2024-12-07,25956.51,UPI,CR,UPI/EMI_CR/REF3200
TXN100764,USER_10028,2024-06-20,-1833.52,IMPS,DR,IMPS/BBPS/REF6638
TXN101705,USER_10034,2024-01-03,65761.04,UPI,CR,UPI/REFUND/REF2815
TXN100603,USER_10023,2024-12-30,-234.95,IMPS,DR,IMPS/APOLLO_PHARMACY/REF9761
TXN100524,USER_10031,2024-10-04,-2477.66,UPI,DR,UPI/AMAZON/REF4811
TXN101467,USER_10019,2024-02-01,-989.8,RTGS,DR,RTGS/TATA_POWER/REF6237
TXN101355,USER_10029,2024-09-19,-2159.21,RTGS,DR,RTGS/JIO/REF7700
TXN100427,USER_10011,2024-11-23,-2008.13,ATM,DR,ATM/MYNTRA/REF4232
TXN100414,USER_10045,2024-08-04,10177.56,RTGS,CR,RTGS/EMI_CR/REF7566
TXN101442,USER_10011,2024-04-12,-954.51,NEFT,DR,NEFT/AJIO/REF5249
TXN101676,USER_10013,2024-07-19,-3987.44,UPI,DR,UPI/AIRTEL/REF8971
TXN100039,USER_10009,2024-04-07,-4845.11,CARD,DR,
TXN100561,USER_10036,2024-11-07,-902.39,NEFT,DR,NEFT/TATA_POWER/REF7581
TXN101570,USER_10003,2024-11-16,INVALID,CARD,CR,CARD/SALARY_CR/REF5582
TXN100935,USER_10049,2024-06-27,-680.6,RTGS,DR,
TXN101996,USER_10018,2024-07-01,-2261.51,CARD,DR,CARD/BPCL/REF1583
TXN100286,USER_10033,2024-05-25,22542.37,ATM,CR,ATM/EMI_CR/REF5496
TXN101649,USER_10043,2024-07-27,-3625.32,NEFT,DR,NEFT/JIO/REF8361
TXN101322,USER_10039,2024-11-16,-554.05,ATM,DR,ATM/ZOMATO/REF1855
TXN101899,USER_10024,2024-12-01,-4100.56,UPI,DR,UPI/INDIAN_OIL/REF2253
TXN100837,USER_10032,2024-12-23,-300.07,RTGS,DR,RTGS/MYNTRA/REF8300
TXN101983,USER_10004,2024-11-26,-2524.75,NEFT,DR,NEFT/ZOMATO/REF5946
TXN100113,USER_10006,2024-04-09,-1836.36,UPI,DR,UPI/BPCL/REF9751
TXN100827,USER_10033,2024-03-10,26128.92,NEFT,CR,NEFT/REFUND/REF4519
TXN101925,USER_10038,2024-03-21,3199.9,IMPS,DR,IMPS/BLR_METRO/REF1231
TXN101663,USER_10001,2024-03-19,63853.87,CARD,CR,CARD/EMI_CR/REF6201
TXN100011,USER_10017,2024-11-23,-1137.1,UPI,DR,UPI/NETFLIX/REF4752
TXN100854,USER_10001,2024-05-29,50458.78,RTGS,CR,RTGS/SALARY_CR/REF9331
TXN101561,USER_10031,2024-12-16,-2591.76,NEFT,DR,NEFT/AMAZON/REF8172
TXN100805,USER_10028,2024-04-08,-1919.96,NEFT,DR,NEFT/MYNTRA/REF5107
TXN101153,USER_10042,2024-10-24,70208.89,RTGS,CR,RTGS/REFUND/REF2478
TXN100871,USER_10045,2024-11-28,-4268.04,RTGS,DR,RTGS/DOMINOS/REF3253
TXN100630,USER_10007,2024-09-11,-137.96,RTGS,DR,RTGS/TATA_POWER/REF1587
TXN100921,USER_10002,2024-02-22,-3311.97,UPI,DR,UPI/BPCL/REF6114
TXN100645,USER_10020,2024-12-30,-2790.23,NEFT,DR,NEFT/OLA/REF4435
TXN101526,USER_10047,2024-11-19,-1126.44,CARD,DR,CARD/BPCL/REF9446
TXN101698,USER_10041,2024-10-21,68815.02,NEFT,CR,NEFT/REFUND/REF7599
TXN100724,USER_10023,2024-02-24,3275.3,IMPS,DR,IMPS/INDIAN_OIL/REF9783
TXN101488,USER_10037,2024-04-02,4999.77,RTGS,DR,RTGS/PORTRONICS/REF5888
TXN100683,USER_10014,2024-11-11,18602.84,CARD,CR,CARD/SALARY_CR/REF1891
TXN100627,USER_10031,2024-03-25,-2483.66,IMPS,DR,IMPS/BLR_METRO/REF5557
TXN100296,USER_10024,2024-11-11,-4815.29,IMPS,DR,IMPS/UBER/REF6123
TXN100759,USER_10036,2024-12-17,-544.36,NEFT,DR,NEFT/INDIAN_OIL/REF8081
TXN100621,USER_10049,2024-07-02,-4319.75,NEFT,DR,NEFT/MYNTRA/REF8914
TXN101708,USER_10009,2024-10-26,72608.54,CARD,CR,CARD/REFUND/REF8320
TXN101753,USER_10011,2024-10-15,-4385.87,NEFT,DR,NEFT/DMART/REF4268
TXN101913,USER_10048,2024-10-14,43191.21,CARD,CR,CARD/REFUND/REF4862
TXN100966,USER_10037,2024-03-18,-1880.35,IMPS,DR,IMPS/UBER/REF4869
TXN100538,USER_10031,2024-07-12,-1907.97,ATM,DR,ATM/DOMINOS/REF4695
TXN101910,USER_10005,2024-03-13,-4198.45,CARD,DR,CARD/MCD/REF4808
TXN100468,USER_10013,2024-02-14,14800.92,ATM,CR,ATM/SALARY_CR/REF7291
TXN100551,USER_10048,2024-10-28,-351.87,ATM,DR,ATM/TATA_POWER/REF7858
TXN101487,USER_10014,not_a_date,-4937.38,IMPS,DR,IMPS/DOMINOS/REF2549
TXN101596,USER_10041,2024-05-05,-2769.23,ATM,DR,ATM/BBPS/REF9070
TXN100853,USER_10004,2024-07-17,-3331.76,IMPS,DR,IMPS/PHARMEASY/REF2767
TXN101615,USER_10023,2024-11-04,28483.02,IMPS,CR,IMPS/SALARY_CR/REF3666
TXN101219,USER_10001,2024-04-17,-768.51,RTGS,DR,RTGS/BLR_METRO/REF9824
TXN101338,USER_10023,2024-01-06,-198.59,NEFT,DR,NEFT/FLIPKART/REF5760
TXN100970,USER_10003,2024-11-24,-4106.68,NEFT,DR,NEFT/ZOMATO/REF8602
TXN101165,USER_10044,2024-05-13,-1791.69,CARD,DR,CARD/RELIANCE_TRENDS/REF9973
TXN101057,USER_10018,2024-08-21,48304.12,CARD,CR,CARD/SALARY_CR/REF9770
TXN101959,USER_10011,2024-05-31,-2226.01,RTGS,DR,
TXN100666,USER_10002,2024-12-15,31696.08,RTGS,CR,RTGS/SALARY_CR/REF5203
TXN100643,USER_10017,2024-07-22,72934.42,NEFT,CR,NEFT/REFUND/REF3263
TXN100646,USER_10039,2024-12-31,-1759.2,NEFT,DR,NEFT/PHARMEASY/REF3913
TXN100703,USER_10036,2024-03-30,-1923.67,CARD,DR,CARD/DMART/REF2275
TXN101622,USER_10018,2024-03-23,-2342.38,UPI,DR,UPI/APOLLO_PHARMACY/REF4794
TXN100786,USER_10024,2024-04-22,-2140.08,ATM,DR,ATM/BLR_METRO/REF5454
TXN100640,USER_10000,2024-09-28,-2788.47,ATM,DR,ATM/AIRTEL/REF8912
TXN101326,USER_10037,2024-04-08,-110.83,UPI,DR,UPI/PORTRONICS/REF4172
TXN100633,USER_10014,2024-08-20,-3848.71,RTGS,DR,RTGS/RELIANCE_TRENDS/REF6952
TXN100861,USER_10033,2024-12-13,-3146.35,RTGS,DR,RTGS/BLR_METRO/REF4938
TXN101229,USER_10022,2024-08-12,-1137.53,IMPS,DR,IMPS/PHARMEASY/REF8675
TXN100421,USER_10009,2024-06-25,38793.98,RTGS,CR,RTGS/REFUND/REF2406
TXN101932,USER_10009,2024-03-25,51.22,UPI,DR,UPI/AMAZON/REF3244
TXN101310,USER_10033,2024-05-20,-3405.99,CARD,DR,CARD/PORTRONICS/REF9731
